{"wh_vs_that_no_gap_long_distance.jsonl": {"probe_acc": 0.46727089627391744, "blimp_acc": 0.9446122860020141, "jaccard": 0.5334728033472803, "hamming": 0.513595166163142, "N": 993}}