{"wh_vs_that_no_gap_long_distance.jsonl": {"probe_acc": 0.5226586102719033, "blimp_acc": 0.9486404833836858, "jaccard": 0.48443983402489627, "hamming": 0.4702920443101712, "N": 993}}