{"wh_vs_that_no_gap_long_distance.jsonl": {"probe_acc": 0.5518630412890232, "blimp_acc": 0.9566968781470292, "jaccard": 0.44766839378238343, "hamming": 0.4350453172205438, "N": 993}}