{"wh_vs_that_no_gap_long_distance.jsonl": {"probe_acc": 0.5125881168177241, "blimp_acc": 0.9506545820745217, "jaccard": 0.49430051813471504, "hamming": 0.48036253776435045, "N": 993}}