{"wh_vs_that_no_gap_long_distance.jsonl": {"probe_acc": 0.4612286002014099, "blimp_acc": 0.9748237663645518, "jaccard": 0.5329218106995884, "hamming": 0.5216515609264853, "N": 993}}