{"wh_vs_that_no_gap_long_distance.jsonl": {"probe_acc": 0.5780463242698892, "blimp_acc": 0.945619335347432, "jaccard": 0.4288681204569055, "hamming": 0.4159113796576032, "N": 993}}