{"wh_vs_that_no_gap_long_distance.jsonl": {"probe_acc": 0.5720040281973817, "blimp_acc": 0.959718026183283, "jaccard": 0.43195876288659796, "hamming": 0.4219536757301108, "N": 993}}