{"wh_vs_that_no_gap_long_distance.jsonl": {"probe_acc": 0.4118831822759315, "blimp_acc": 0.959718026183283, "jaccard": 0.5915201654601862, "hamming": 0.5760322255790534, "N": 993}}