{"wh_vs_that_no_gap_long_distance.jsonl": {"probe_acc": 0.730110775427996, "blimp_acc": 0.959718026183283, "jaccard": 0.28600612870275793, "hamming": 0.28197381671701915, "N": 993}}