{"wh_vs_that_no_gap_long_distance.jsonl": {"probe_acc": 0.3434038267875126, "blimp_acc": 0.8952668680765358, "jaccard": 0.6468646864686468, "hamming": 0.5921450151057401, "N": 993}}