{"wh_vs_that_no_gap_long_distance.jsonl": {"probe_acc": 0.5327291037260826, "blimp_acc": 0.9788519637462235, "jaccard": 0.47459349593495936, "hamming": 0.4702920443101712, "N": 993}}