{"wh_vs_that_no_gap_long_distance.jsonl": {"probe_acc": 0.5689828801611279, "blimp_acc": 0.919436052366566, "jaccard": 0.45073375262054505, "hamming": 0.43303121852970794, "N": 993}}