{"wh_vs_that_no_gap_long_distance.jsonl": {"probe_acc": 0.6344410876132931, "blimp_acc": 0.9758308157099698, "jaccard": 0.3766497461928934, "hamming": 0.37361530715005037, "N": 993}}