{"wh_vs_that_no_gap_long_distance.jsonl": {"probe_acc": 0.46727089627391744, "blimp_acc": 0.9889224572004028, "jaccard": 0.5364372469635628, "hamming": 0.5337361530715005, "N": 993}}