{"wh_vs_that_no_gap_long_distance.jsonl": {"probe_acc": 0.648539778449144, "blimp_acc": 0.9788519637462235, "jaccard": 0.3543788187372709, "hamming": 0.3504531722054381, "N": 993}}