{"wh_vs_that_no_gap_long_distance.jsonl": {"probe_acc": 0.6062437059415912, "blimp_acc": 0.9436052366565961, "jaccard": 0.40683229813664595, "hamming": 0.3957703927492447, "N": 993}}