{"wh_vs_that_no_gap_long_distance.jsonl": {"probe_acc": 0.5287009063444109, "blimp_acc": 0.9899295065458208, "jaccard": 0.47058823529411764, "hamming": 0.46727089627391744, "N": 993}}