{"distractor_agreement_relational_noun.jsonl": {"probe_acc": 0.7161016949152542, "blimp_acc": 0.940677966101695, "jaccard": 0.2775330396475771, "hamming": 0.2669491525423729, "N": 236}, "distractor_agreement_relative_clause.jsonl": {"probe_acc": 0.2898550724637681, "blimp_acc": 0.7594202898550725, "jaccard": 0.6884057971014492, "hamming": 0.5507246376811594, "N": 345}}