{"wh_vs_that_no_gap_long_distance.jsonl": {"probe_acc": 0.6787512588116817, "blimp_acc": 0.9526686807653575, "jaccard": 0.32298136645962733, "hamming": 0.31419939577039274, "N": 993}}