{"wh_vs_that_no_gap_long_distance.jsonl": {"probe_acc": 0.5850956696878147, "blimp_acc": 0.973816717019134, "jaccard": 0.4106776180698152, "hamming": 0.4028197381671702, "N": 993}}