{"wh_vs_that_no_gap_long_distance.jsonl": {"probe_acc": 0.6696878147029205, "blimp_acc": 0.94662638469285, "jaccard": 0.3487654320987654, "hamming": 0.3413897280966767, "N": 993}}