{"wh_vs_that_no_gap_long_distance.jsonl": {"probe_acc": 0.6163141993957704, "blimp_acc": 0.9486404833836858, "jaccard": 0.3795620437956204, "hamming": 0.36656596173212486, "N": 993}}