{"distractor_agreement_relational_noun.jsonl": {"probe_acc": 0.8728813559322034, "blimp_acc": 0.885593220338983, "jaccard": 0.1956521739130435, "hamming": 0.1906779661016949, "N": 236}, "distractor_agreement_relative_clause.jsonl": {"probe_acc": 0.5043478260869565, "blimp_acc": 0.6927536231884058, "jaccard": 0.525, "hamming": 0.4260869565217391, "N": 345}}