{"wh_vs_that_no_gap_long_distance.jsonl": {"probe_acc": 0.7391742195367573, "blimp_acc": 0.959718026183283, "jaccard": 0.26974358974358975, "hamming": 0.2648539778449144, "N": 993}}