{"wh_vs_that_no_gap_long_distance.jsonl": {"probe_acc": 0.7180261832829808, "blimp_acc": 0.9566968781470292, "jaccard": 0.3065173116089613, "hamming": 0.3031218529707956, "N": 993}}