{
    "distractor_agreement_relational_noun.jsonl": {
        "probe_acc": 0.8983050847457628,
        "blimp_acc": 0.847457627118644,
        "jaccard": 0.20087336244541484,
        "hamming": 0.19491525423728814,
        "N": 236
    },
    "distractor_agreement_relative_clause.jsonl": {
        "probe_acc": 0.45217391304347826,
        "blimp_acc": 0.6927536231884058,
        "jaccard": 0.6188811188811189,
        "hamming": 0.5130434782608696,
        "N": 345
    }
}