{"wh_vs_that_no_gap_long_distance.jsonl": {"probe_acc": 0.5287009063444109, "blimp_acc": 0.9587109768378651, "jaccard": 0.477319587628866, "hamming": 0.4662638469284995, "N": 993}}