{"wh_vs_that_no_gap_long_distance.jsonl": {"probe_acc": 0.7210473313192346, "blimp_acc": 0.9546827794561934, "jaccard": 0.29333333333333333, "hamming": 0.2880161127895267, "N": 993}}