{"wh_vs_that_no_gap_long_distance.jsonl": {"probe_acc": 0.5226586102719033, "blimp_acc": 0.9516616314199395, "jaccard": 0.47340980187695514, "hamming": 0.45720040281973817, "N": 993}}