linguistics_term,accuracy
island_effects,0.6597500000000001
anaphor_agreement,0.952
s-selection,0.8260000000000001
argument_structure,0.6645714285714286
determiner_noun_agreement,0.936125
subject_verb_agreement,0.8968333333333334
ellipsis,0.9079999999999999
control_raising,0.7538
quantifiers,0.712
irregular_forms,0.8089999999999999
npi_licensing,0.7402857142857143
binding,0.7142857142857144
filler_gap_dependency,0.7938571428571428
