linguistics_term,accuracy
island_effects,0.6083749999999999
anaphor_agreement,0.9735
s-selection,0.803
argument_structure,0.8200000000000001
determiner_noun_agreement,0.9552499999999999
subject_verb_agreement,0.8915000000000001
ellipsis,0.8314999999999999
control_raising,0.8066000000000001
quantifiers,0.8132499999999999
irregular_forms,0.883
npi_licensing,0.7190000000000001
binding,0.7792857142857142
filler_gap_dependency,0.8174285714285715
