linguistics_term,accuracy
s-selection,0.803
binding,0.7792857142857142
npi_licensing,0.7190000000000001
filler_gap_dependency,0.8174285714285714
quantifiers,0.8132499999999999
determiner_noun_agreement,0.9552499999999999
ellipsis,0.8314999999999999
argument_structure,0.8200000000000001
control_raising,0.8066000000000001
subject_verb_agreement,0.8915000000000001
island_effects,0.608375
anaphor_agreement,0.9735
irregular_forms,0.883
