linguistics_term,accuracy
island_effects,0.7228749999999999
anaphor_agreement,0.964
s-selection,0.8340000000000001
argument_structure,0.8078571428571429
determiner_noun_agreement,0.935
subject_verb_agreement,0.8490000000000001
ellipsis,0.8340000000000001
control_raising,0.8089999999999999
quantifiers,0.7369999999999999
irregular_forms,0.9155
npi_licensing,0.7068571428571427
binding,0.8148571428571428
filler_gap_dependency,0.7351428571428571
