{"fgd_hierarchy.json": 0.5833333333333334, "subordination_src-src.json": 1.0, "reflexive_src_fem.json": 0.3157894736842105, "npz_obj_mod.json": 1.0, "npi_src_any.json": 0.8421052631578947, "reflexive_prep_fem.json": 0.3157894736842105, "fgd-embed3.json": 0.42857142857142855, "subordination.json": 0.782608695652174, "reflexive_prep_masc.json": 0.8421052631578947, "cleft_modifier.json": 1.0, "fgd_subject.json": 0.4166666666666667, "mvrr.json": 0.8571428571428571, "npi_src_ever.json": 1.0, "npz_ambig.json": 0.9583333333333334, "cleft.json": 1.0, "npi_orc_ever.json": 1.0, "mvrr_mod.json": 0.8928571428571429, "nn-nv-rpl.json": 1.0, "center_embed.json": 0.9285714285714286, "fgd-embed4.json": 0.47619047619047616, "reflexive_src_masc.json": 0.631578947368421, "subordination_pp-pp.json": 1.0, "subordination_orc-orc.json": 0.9565217391304348, "number_orc.json": 0.7894736842105263, "npz_obj.json": 1.0, "reflexive_orc_masc.json": 0.8947368421052632, "number_prep.json": 0.7894736842105263, "fgd_object.json": 0.9583333333333334, "npz_ambig_mod.json": 1.0, "center_embed_mod.json": 0.9642857142857143, "number_src.json": 0.7368421052631579, "reflexive_orc_fem.json": 0.2631578947368421, "fgd_pp.json": 0.7916666666666666, "npi_orc_any.json": 0.9736842105263158}