{"fgd_hierarchy.json": 0.75, "subordination_src-src.json": 0.9565217391304348, "reflexive_src_fem.json": 0.15789473684210525, "npz_obj_mod.json": 1.0, "npi_src_any.json": 0.9473684210526315, "reflexive_prep_fem.json": 0.3684210526315789, "fgd-embed3.json": 0.5714285714285714, "subordination.json": 0.8695652173913043, "reflexive_prep_masc.json": 0.8947368421052632, "cleft_modifier.json": 1.0, "fgd_subject.json": 0.4583333333333333, "mvrr.json": 0.7857142857142857, "npi_src_ever.json": 0.9736842105263158, "npz_ambig.json": 0.9583333333333334, "cleft.json": 1.0, "npi_orc_ever.json": 0.9736842105263158, "mvrr_mod.json": 0.7857142857142857, "nn-nv-rpl.json": 1.0, "center_embed.json": 1.0, "fgd-embed4.json": 0.42857142857142855, "reflexive_src_masc.json": 0.631578947368421, "subordination_pp-pp.json": 0.9130434782608695, "subordination_orc-orc.json": 1.0, "number_orc.json": 0.7368421052631579, "npz_obj.json": 1.0, "reflexive_orc_masc.json": 0.9473684210526315, "number_prep.json": 0.8947368421052632, "fgd_object.json": 1.0, "npz_ambig_mod.json": 1.0, "center_embed_mod.json": 1.0, "number_src.json": 0.8421052631578947, "reflexive_orc_fem.json": 0.21052631578947367, "fgd_pp.json": 0.7916666666666666, "npi_orc_any.json": 0.9473684210526315}