{"fgd_hierarchy.json": 0.4583333333333333, "subordination_src-src.json": 0.9565217391304348, "reflexive_src_fem.json": 0.15789473684210525, "npz_obj_mod.json": 1.0, "npi_src_any.json": 0.9473684210526315, "reflexive_prep_fem.json": 0.47368421052631576, "fgd-embed3.json": 0.5714285714285714, "subordination.json": 0.391304347826087, "reflexive_prep_masc.json": 0.7894736842105263, "cleft_modifier.json": 1.0, "fgd_subject.json": 0.5, "mvrr.json": 0.7857142857142857, "npi_src_ever.json": 1.0, "npz_ambig.json": 0.9583333333333334, "cleft.json": 1.0, "npi_orc_ever.json": 1.0, "mvrr_mod.json": 0.75, "nn-nv-rpl.json": 1.0, "center_embed.json": 1.0, "fgd-embed4.json": 0.47619047619047616, "reflexive_src_masc.json": 0.7894736842105263, "subordination_pp-pp.json": 0.782608695652174, "subordination_orc-orc.json": 0.8695652173913043, "number_orc.json": 0.7368421052631579, "npz_obj.json": 1.0, "reflexive_orc_masc.json": 0.9473684210526315, "number_prep.json": 0.7368421052631579, "fgd_object.json": 0.9583333333333334, "npz_ambig_mod.json": 0.9583333333333334, "center_embed_mod.json": 0.9642857142857143, "number_src.json": 0.7894736842105263, "reflexive_orc_fem.json": 0.3157894736842105, "fgd_pp.json": 0.8333333333333334, "npi_orc_any.json": 0.9736842105263158}