{"fgd_hierarchy.json": 0.5416666666666666, "subordination_src-src.json": 0.6956521739130435, "reflexive_src_fem.json": 0.3157894736842105, "npz_obj_mod.json": 1.0, "npi_src_any.json": 0.9473684210526315, "reflexive_prep_fem.json": 0.42105263157894735, "fgd-embed3.json": 0.5714285714285714, "subordination.json": 0.43478260869565216, "reflexive_prep_masc.json": 0.9473684210526315, "cleft_modifier.json": 1.0, "fgd_subject.json": 0.4583333333333333, "mvrr.json": 0.75, "npi_src_ever.json": 1.0, "npz_ambig.json": 0.9583333333333334, "cleft.json": 1.0, "npi_orc_ever.json": 1.0, "mvrr_mod.json": 0.8214285714285714, "nn-nv-rpl.json": 1.0, "center_embed.json": 1.0, "fgd-embed4.json": 0.5714285714285714, "reflexive_src_masc.json": 0.7894736842105263, "subordination_pp-pp.json": 0.8260869565217391, "subordination_orc-orc.json": 0.6086956521739131, "number_orc.json": 0.631578947368421, "npz_obj.json": 1.0, "reflexive_orc_masc.json": 0.9473684210526315, "number_prep.json": 0.8947368421052632, "fgd_object.json": 0.9583333333333334, "npz_ambig_mod.json": 0.9583333333333334, "center_embed_mod.json": 1.0, "number_src.json": 0.8421052631578947, "reflexive_orc_fem.json": 0.47368421052631576, "fgd_pp.json": 0.875, "npi_orc_any.json": 0.9736842105263158}