{"fgd_hierarchy.json": 0.5, "subordination_src-src.json": 0.6086956521739131, "reflexive_src_fem.json": 0.47368421052631576, "npz_obj_mod.json": 1.0, "npi_src_any.json": 0.9736842105263158, "reflexive_prep_fem.json": 0.631578947368421, "fgd-embed3.json": 0.47619047619047616, "subordination.json": 0.43478260869565216, "reflexive_prep_masc.json": 0.631578947368421, "cleft_modifier.json": 1.0, "fgd_subject.json": 0.5416666666666666, "mvrr.json": 0.7857142857142857, "npi_src_ever.json": 1.0, "npz_ambig.json": 0.9166666666666666, "cleft.json": 1.0, "npi_orc_ever.json": 1.0, "mvrr_mod.json": 0.75, "nn-nv-rpl.json": 1.0, "center_embed.json": 1.0, "fgd-embed4.json": 0.3333333333333333, "reflexive_src_masc.json": 0.5789473684210527, "subordination_pp-pp.json": 0.5652173913043478, "subordination_orc-orc.json": 0.30434782608695654, "number_orc.json": 0.631578947368421, "npz_obj.json": 1.0, "reflexive_orc_masc.json": 0.7368421052631579, "number_prep.json": 0.7894736842105263, "fgd_object.json": 0.9583333333333334, "npz_ambig_mod.json": 0.9166666666666666, "center_embed_mod.json": 1.0, "number_src.json": 0.7894736842105263, "reflexive_orc_fem.json": 0.3157894736842105, "fgd_pp.json": 0.875, "npi_orc_any.json": 1.0}