{"fgd_hierarchy.json": 0.5833333333333334, "subordination_src-src.json": 0.9130434782608695, "reflexive_src_fem.json": 0.3157894736842105, "npz_obj_mod.json": 1.0, "npi_src_any.json": 0.9473684210526315, "reflexive_prep_fem.json": 0.7894736842105263, "fgd-embed3.json": 0.5238095238095238, "subordination.json": 0.782608695652174, "reflexive_prep_masc.json": 0.9473684210526315, "cleft_modifier.json": 1.0, "fgd_subject.json": 0.5, "mvrr.json": 0.8214285714285714, "npi_src_ever.json": 1.0, "npz_ambig.json": 0.9166666666666666, "cleft.json": 1.0, "npi_orc_ever.json": 1.0, "mvrr_mod.json": 0.8571428571428571, "nn-nv-rpl.json": 1.0, "center_embed.json": 0.9285714285714286, "fgd-embed4.json": 0.47619047619047616, "reflexive_src_masc.json": 0.8421052631578947, "subordination_pp-pp.json": 0.8260869565217391, "subordination_orc-orc.json": 0.8260869565217391, "number_orc.json": 0.5789473684210527, "npz_obj.json": 1.0, "reflexive_orc_masc.json": 0.9473684210526315, "number_prep.json": 0.8421052631578947, "fgd_object.json": 0.9583333333333334, "npz_ambig_mod.json": 0.9583333333333334, "center_embed_mod.json": 0.9642857142857143, "number_src.json": 0.8421052631578947, "reflexive_orc_fem.json": 0.5263157894736842, "fgd_pp.json": 0.8333333333333334, "npi_orc_any.json": 0.9736842105263158}