{"fgd_hierarchy.json": 0.8333333333333334, "subordination_src-src.json": 0.782608695652174, "reflexive_src_fem.json": 0.47368421052631576, "npz_obj_mod.json": 1.0, "npi_src_any.json": 0.9473684210526315, "reflexive_prep_fem.json": 0.631578947368421, "fgd-embed3.json": 0.8571428571428571, "subordination.json": 0.5652173913043478, "reflexive_prep_masc.json": 0.9473684210526315, "cleft_modifier.json": 1.0, "fgd_subject.json": 0.5416666666666666, "mvrr.json": 0.75, "npi_src_ever.json": 1.0, "npz_ambig.json": 0.9166666666666666, "cleft.json": 1.0, "npi_orc_ever.json": 1.0, "mvrr_mod.json": 0.8214285714285714, "nn-nv-rpl.json": 1.0, "center_embed.json": 1.0, "fgd-embed4.json": 0.5714285714285714, "reflexive_src_masc.json": 0.8421052631578947, "subordination_pp-pp.json": 0.8260869565217391, "subordination_orc-orc.json": 0.782608695652174, "number_orc.json": 0.6842105263157895, "npz_obj.json": 1.0, "reflexive_orc_masc.json": 0.7894736842105263, "number_prep.json": 0.8947368421052632, "fgd_object.json": 0.9166666666666666, "npz_ambig_mod.json": 1.0, "center_embed_mod.json": 1.0, "number_src.json": 0.8421052631578947, "reflexive_orc_fem.json": 0.5263157894736842, "fgd_pp.json": 0.9166666666666666, "npi_orc_any.json": 1.0}