{"fgd_hierarchy.json": 0.5416666666666666, "subordination_src-src.json": 0.7391304347826086, "reflexive_src_fem.json": 0.0, "npz_obj_mod.json": 0.9583333333333334, "npi_src_any.json": 0.13157894736842105, "reflexive_prep_fem.json": 0.21052631578947367, "fgd-embed3.json": 0.3333333333333333, "subordination.json": 0.7391304347826086, "reflexive_prep_masc.json": 0.47368421052631576, "cleft_modifier.json": 1.0, "fgd_subject.json": 0.625, "mvrr.json": 0.8214285714285714, "npi_src_ever.json": 0.21052631578947367, "npz_ambig.json": 0.9583333333333334, "cleft.json": 1.0, "npi_orc_ever.json": 0.9210526315789473, "mvrr_mod.json": 0.8214285714285714, "nn-nv-rpl.json": 1.0, "center_embed.json": 0.8928571428571429, "fgd-embed4.json": 0.23809523809523808, "reflexive_src_masc.json": 0.42105263157894735, "subordination_pp-pp.json": 0.782608695652174, "subordination_orc-orc.json": 0.8260869565217391, "number_orc.json": 0.21052631578947367, "npz_obj.json": 1.0, "reflexive_orc_masc.json": 0.42105263157894735, "number_prep.json": 0.631578947368421, "fgd_object.json": 0.9166666666666666, "npz_ambig_mod.json": 0.625, "center_embed_mod.json": 0.7857142857142857, "number_src.json": 0.6842105263157895, "reflexive_orc_fem.json": 0.0, "fgd_pp.json": 0.75, "npi_orc_any.json": 0.9210526315789473}