{"fgd_hierarchy.json": 0.5416666666666666, "subordination_src-src.json": 0.08695652173913043, "reflexive_src_fem.json": 0.15789473684210525, "npz_obj_mod.json": 0.9166666666666666, "npi_src_any.json": 0.05263157894736842, "reflexive_prep_fem.json": 0.2631578947368421, "fgd-embed3.json": 0.2857142857142857, "subordination.json": 0.2608695652173913, "reflexive_prep_masc.json": 0.7894736842105263, "cleft_modifier.json": 0.85, "fgd_subject.json": 0.6666666666666666, "mvrr.json": 0.75, "npi_src_ever.json": 0.02631578947368421, "npz_ambig.json": 0.8333333333333334, "cleft.json": 1.0, "npi_orc_ever.json": 0.02631578947368421, "mvrr_mod.json": 0.8214285714285714, "nn-nv-rpl.json": 1.0, "center_embed.json": 0.75, "fgd-embed4.json": 0.23809523809523808, "reflexive_src_masc.json": 0.631578947368421, "subordination_pp-pp.json": 0.17391304347826086, "subordination_orc-orc.json": 0.13043478260869565, "number_orc.json": 0.05263157894736842, "npz_obj.json": 0.9583333333333334, "reflexive_orc_masc.json": 0.2631578947368421, "number_prep.json": 0.7894736842105263, "fgd_object.json": 0.875, "npz_ambig_mod.json": 0.5833333333333334, "center_embed_mod.json": 0.7142857142857143, "number_src.json": 0.6842105263157895, "reflexive_orc_fem.json": 0.0, "fgd_pp.json": 0.5833333333333334, "npi_orc_any.json": 0.13157894736842105}