{"fgd_hierarchy.json": 0.3333333333333333, "subordination_src-src.json": 1.0, "reflexive_src_fem.json": 0.15789473684210525, "npz_obj_mod.json": 0.9583333333333334, "npi_src_any.json": 0.9473684210526315, "reflexive_prep_fem.json": 0.3157894736842105, "fgd-embed3.json": 0.5238095238095238, "subordination.json": 0.7391304347826086, "reflexive_prep_masc.json": 0.8421052631578947, "cleft_modifier.json": 0.975, "fgd_subject.json": 0.4583333333333333, "mvrr.json": 0.6428571428571429, "npi_src_ever.json": 1.0, "npz_ambig.json": 0.8333333333333334, "cleft.json": 1.0, "npi_orc_ever.json": 1.0, "mvrr_mod.json": 0.75, "nn-nv-rpl.json": 1.0, "center_embed.json": 0.8214285714285714, "fgd-embed4.json": 0.42857142857142855, "reflexive_src_masc.json": 0.7368421052631579, "subordination_pp-pp.json": 0.9565217391304348, "subordination_orc-orc.json": 0.9565217391304348, "number_orc.json": 0.631578947368421, "npz_obj.json": 0.875, "reflexive_orc_masc.json": 0.7368421052631579, "number_prep.json": 0.631578947368421, "fgd_object.json": 0.5, "npz_ambig_mod.json": 0.875, "center_embed_mod.json": 0.8928571428571429, "number_src.json": 0.7368421052631579, "reflexive_orc_fem.json": 0.3157894736842105, "fgd_pp.json": 0.8333333333333334, "npi_orc_any.json": 0.9736842105263158}