{
    "fgd_hierarchy.json": 0.5416666666666666,
    "subordination_src-src.json": 0.782608695652174,
    "reflexive_src_fem.json": 0.21052631578947367,
    "npz_obj_mod.json": 1.0,
    "npi_src_any.json": 0.9210526315789473,
    "reflexive_prep_fem.json": 0.5263157894736842,
    "fgd-embed3.json": 0.38095238095238093,
    "subordination.json": 0.6521739130434783,
    "reflexive_prep_masc.json": 0.7368421052631579,
    "cleft_modifier.json": 0.95,
    "fgd_subject.json": 0.375,
    "mvrr.json": 0.8214285714285714,
    "npi_src_ever.json": 1.0,
    "npz_ambig.json": 0.9583333333333334,
    "cleft.json": 1.0,
    "npi_orc_ever.json": 1.0,
    "mvrr_mod.json": 0.8214285714285714,
    "nn-nv-rpl.json": 1.0,
    "center_embed.json": 0.9285714285714286,
    "fgd-embed4.json": 0.38095238095238093,
    "reflexive_src_masc.json": 0.6842105263157895,
    "subordination_pp-pp.json": 0.8260869565217391,
    "subordination_orc-orc.json": 0.9130434782608695,
    "number_orc.json": 0.8421052631578947,
    "npz_obj.json": 1.0,
    "reflexive_orc_masc.json": 0.6842105263157895,
    "number_prep.json": 0.5263157894736842,
    "fgd_object.json": 0.9583333333333334,
    "npz_ambig_mod.json": 0.9583333333333334,
    "center_embed_mod.json": 0.9285714285714286,
    "number_src.json": 0.7894736842105263,
    "reflexive_orc_fem.json": 0.2631578947368421,
    "fgd_pp.json": 0.875,
    "npi_orc_any.json": 0.9736842105263158
}