{
    "fgd_hierarchy.json": 0.4166666666666667,
    "subordination_src-src.json": 0.8695652173913043,
    "reflexive_src_fem.json": 0.05263157894736842,
    "npz_obj_mod.json": 0.9166666666666666,
    "npi_src_any.json": 0.9473684210526315,
    "reflexive_prep_fem.json": 0.15789473684210525,
    "fgd-embed3.json": 0.38095238095238093,
    "subordination.json": 0.8260869565217391,
    "reflexive_prep_masc.json": 0.3684210526315789,
    "cleft_modifier.json": 0.925,
    "fgd_subject.json": 0.6666666666666666,
    "mvrr.json": 0.7857142857142857,
    "npi_src_ever.json": 1.0,
    "npz_ambig.json": 0.9166666666666666,
    "cleft.json": 0.975,
    "npi_orc_ever.json": 1.0,
    "mvrr_mod.json": 0.75,
    "nn-nv-rpl.json": 1.0,
    "center_embed.json": 0.8928571428571429,
    "fgd-embed4.json": 0.19047619047619047,
    "reflexive_src_masc.json": 0.631578947368421,
    "subordination_pp-pp.json": 0.9130434782608695,
    "subordination_orc-orc.json": 0.6956521739130435,
    "number_orc.json": 0.7368421052631579,
    "npz_obj.json": 0.9166666666666666,
    "reflexive_orc_masc.json": 0.7368421052631579,
    "number_prep.json": 0.47368421052631576,
    "fgd_object.json": 0.9583333333333334,
    "npz_ambig_mod.json": 0.9166666666666666,
    "center_embed_mod.json": 0.8928571428571429,
    "number_src.json": 0.6842105263157895,
    "reflexive_orc_fem.json": 0.2631578947368421,
    "fgd_pp.json": 0.875,
    "npi_orc_any.json": 1.0
}