{
    "fgd_hierarchy.json": 0.5833333333333334,
    "subordination_src-src.json": 0.6521739130434783,
    "reflexive_src_fem.json": 0.42105263157894735,
    "npz_obj_mod.json": 1.0,
    "npi_src_any.json": 0.8947368421052632,
    "reflexive_prep_fem.json": 0.5789473684210527,
    "fgd-embed3.json": 0.42857142857142855,
    "subordination.json": 0.5652173913043478,
    "reflexive_prep_masc.json": 0.6842105263157895,
    "cleft_modifier.json": 0.975,
    "fgd_subject.json": 0.625,
    "mvrr.json": 0.8214285714285714,
    "npi_src_ever.json": 0.9736842105263158,
    "npz_ambig.json": 0.9583333333333334,
    "cleft.json": 1.0,
    "npi_orc_ever.json": 1.0,
    "mvrr_mod.json": 0.7857142857142857,
    "nn-nv-rpl.json": 0.0,
    "center_embed.json": 1.0,
    "fgd-embed4.json": 0.47619047619047616,
    "reflexive_src_masc.json": 0.6842105263157895,
    "subordination_pp-pp.json": 0.6521739130434783,
    "subordination_orc-orc.json": 0.6086956521739131,
    "number_orc.json": 0.8947368421052632,
    "npz_obj.json": 1.0,
    "reflexive_orc_masc.json": 0.7368421052631579,
    "number_prep.json": 0.5789473684210527,
    "fgd_object.json": 0.9583333333333334,
    "npz_ambig_mod.json": 0.9583333333333334,
    "center_embed_mod.json": 1.0,
    "number_src.json": 0.7368421052631579,
    "reflexive_orc_fem.json": 0.2631578947368421,
    "fgd_pp.json": 0.9166666666666666,
    "npi_orc_any.json": 0.9736842105263158
}