{"fgd_hierarchy.json": 0.4166666666666667, "subordination_src-src.json": 0.9130434782608695, "reflexive_src_fem.json": 0.2631578947368421, "npz_obj_mod.json": 0.9166666666666666, "npi_src_any.json": 0.9736842105263158, "reflexive_prep_fem.json": 0.3157894736842105, "fgd-embed3.json": 0.3333333333333333, "subordination.json": 0.9565217391304348, "reflexive_prep_masc.json": 0.42105263157894735, "cleft_modifier.json": 0.925, "fgd_subject.json": 0.7916666666666666, "mvrr.json": 0.7142857142857143, "npi_src_ever.json": 1.0, "npz_ambig.json": 0.9583333333333334, "cleft.json": 0.975, "npi_orc_ever.json": 1.0, "mvrr_mod.json": 0.7857142857142857, "nn-nv-rpl.json": 1.0, "center_embed.json": 0.9285714285714286, "fgd-embed4.json": 0.23809523809523808, "reflexive_src_masc.json": 0.7368421052631579, "subordination_pp-pp.json": 0.9130434782608695, "subordination_orc-orc.json": 0.9130434782608695, "number_orc.json": 0.631578947368421, "npz_obj.json": 0.9583333333333334, "reflexive_orc_masc.json": 0.8421052631578947, "number_prep.json": 0.47368421052631576, "fgd_object.json": 0.9583333333333334, "npz_ambig_mod.json": 0.875, "center_embed_mod.json": 0.8571428571428571, "number_src.json": 0.7894736842105263, "reflexive_orc_fem.json": 0.5789473684210527, "fgd_pp.json": 0.875, "npi_orc_any.json": 0.9736842105263158}