{"fgd_hierarchy.json": 0.5, "subordination_src-src.json": 0.782608695652174, "reflexive_src_fem.json": 0.15789473684210525, "npz_obj_mod.json": 0.9166666666666666, "npi_src_any.json": 0.9736842105263158, "reflexive_prep_fem.json": 0.15789473684210525, "fgd-embed3.json": 0.3333333333333333, "subordination.json": 0.8260869565217391, "reflexive_prep_masc.json": 0.42105263157894735, "cleft_modifier.json": 0.95, "fgd_subject.json": 0.6666666666666666, "mvrr.json": 0.6785714285714286, "npi_src_ever.json": 1.0, "npz_ambig.json": 0.9166666666666666, "cleft.json": 0.975, "npi_orc_ever.json": 1.0, "mvrr_mod.json": 0.7142857142857143, "nn-nv-rpl.json": 1.0, "center_embed.json": 0.9285714285714286, "fgd-embed4.json": 0.2857142857142857, "reflexive_src_masc.json": 0.6842105263157895, "subordination_pp-pp.json": 0.8260869565217391, "subordination_orc-orc.json": 0.5652173913043478, "number_orc.json": 0.7368421052631579, "npz_obj.json": 0.9583333333333334, "reflexive_orc_masc.json": 0.7894736842105263, "number_prep.json": 0.47368421052631576, "fgd_object.json": 0.9583333333333334, "npz_ambig_mod.json": 0.9166666666666666, "center_embed_mod.json": 0.9285714285714286, "number_src.json": 0.7368421052631579, "reflexive_orc_fem.json": 0.3157894736842105, "fgd_pp.json": 0.9166666666666666, "npi_orc_any.json": 0.9736842105263158}