{
    "fgd_hierarchy.json": 0.125,
    "subordination_src-src.json": 0.08695652173913043,
    "reflexive_src_fem.json": 0.47368421052631576,
    "npz_obj_mod.json": 0.625,
    "npi_src_any.json": 0.47368421052631576,
    "reflexive_prep_fem.json": 0.3157894736842105,
    "fgd-embed3.json": 0.19047619047619047,
    "subordination.json": 0.17391304347826086,
    "reflexive_prep_masc.json": 0.2631578947368421,
    "cleft_modifier.json": 0.65,
    "fgd_subject.json": 0.2916666666666667,
    "mvrr.json": 0.5,
    "npi_src_ever.json": 0.10526315789473684,
    "npz_ambig.json": 0.75,
    "cleft.json": 0.875,
    "npi_orc_ever.json": 0.21052631578947367,
    "mvrr_mod.json": 0.6071428571428571,
    "nn-nv-rpl.json": 0.0,
    "center_embed.json": 0.42857142857142855,
    "fgd-embed4.json": 0.047619047619047616,
    "reflexive_src_masc.json": 0.3684210526315789,
    "subordination_pp-pp.json": 0.13043478260869565,
    "subordination_orc-orc.json": 0.043478260869565216,
    "number_orc.json": 0.05263157894736842,
    "npz_obj.json": 0.7083333333333334,
    "reflexive_orc_masc.json": 0.10526315789473684,
    "number_prep.json": 0.21052631578947367,
    "fgd_object.json": 0.125,
    "npz_ambig_mod.json": 0.75,
    "center_embed_mod.json": 0.32142857142857145,
    "number_src.json": 0.2631578947368421,
    "reflexive_orc_fem.json": 0.3684210526315789,
    "fgd_pp.json": 0.041666666666666664,
    "npi_orc_any.json": 0.5263157894736842
}