{
    "fgd_hierarchy.json": 0.5833333333333334,
    "subordination_src-src.json": 0.043478260869565216,
    "reflexive_src_fem.json": 0.0,
    "npz_obj_mod.json": 0.9166666666666666,
    "npi_src_any.json": 0.9473684210526315,
    "reflexive_prep_fem.json": 0.21052631578947367,
    "fgd-embed3.json": 0.42857142857142855,
    "subordination.json": 0.6521739130434783,
    "reflexive_prep_masc.json": 0.47368421052631576,
    "cleft_modifier.json": 0.95,
    "fgd_subject.json": 0.4583333333333333,
    "mvrr.json": 0.6785714285714286,
    "npi_src_ever.json": 1.0,
    "npz_ambig.json": 0.7083333333333334,
    "cleft.json": 1.0,
    "npi_orc_ever.json": 1.0,
    "mvrr_mod.json": 0.7857142857142857,
    "nn-nv-rpl.json": 1.0,
    "center_embed.json": 1.0,
    "fgd-embed4.json": 0.2857142857142857,
    "reflexive_src_masc.json": 0.7368421052631579,
    "subordination_pp-pp.json": 0.13043478260869565,
    "subordination_orc-orc.json": 0.08695652173913043,
    "number_orc.json": 0.3684210526315789,
    "npz_obj.json": 0.7916666666666666,
    "reflexive_orc_masc.json": 0.7368421052631579,
    "number_prep.json": 0.5789473684210527,
    "fgd_object.json": 0.625,
    "npz_ambig_mod.json": 0.8333333333333334,
    "center_embed_mod.json": 1.0,
    "number_src.json": 0.21052631578947367,
    "reflexive_orc_fem.json": 0.05263157894736842,
    "fgd_pp.json": 0.4583333333333333,
    "npi_orc_any.json": 0.9736842105263158
}