{
    "fgd_hierarchy.json": 0.4166666666666667,
    "subordination_src-src.json": 0.30434782608695654,
    "reflexive_src_fem.json": 0.42105263157894735,
    "npz_obj_mod.json": 0.875,
    "npi_src_any.json": 0.9210526315789473,
    "reflexive_prep_fem.json": 0.6842105263157895,
    "fgd-embed3.json": 0.3333333333333333,
    "subordination.json": 0.4782608695652174,
    "reflexive_prep_masc.json": 0.7894736842105263,
    "cleft_modifier.json": 0.975,
    "fgd_subject.json": 0.4166666666666667,
    "mvrr.json": 0.75,
    "npi_src_ever.json": 1.0,
    "npz_ambig.json": 0.625,
    "cleft.json": 1.0,
    "npi_orc_ever.json": 1.0,
    "mvrr_mod.json": 0.8214285714285714,
    "nn-nv-rpl.json": 0.0,
    "center_embed.json": 0.9642857142857143,
    "fgd-embed4.json": 0.14285714285714285,
    "reflexive_src_masc.json": 0.631578947368421,
    "subordination_pp-pp.json": 0.2608695652173913,
    "subordination_orc-orc.json": 0.17391304347826086,
    "number_orc.json": 0.8947368421052632,
    "npz_obj.json": 0.625,
    "reflexive_orc_masc.json": 0.8421052631578947,
    "number_prep.json": 0.8947368421052632,
    "fgd_object.json": 0.75,
    "npz_ambig_mod.json": 0.8333333333333334,
    "center_embed_mod.json": 0.9642857142857143,
    "number_src.json": 0.631578947368421,
    "reflexive_orc_fem.json": 0.7894736842105263,
    "fgd_pp.json": 0.6666666666666666,
    "npi_orc_any.json": 0.9473684210526315
}