{"fgd_hierarchy.json": 0.625, "subordination_src-src.json": 0.6956521739130435, "reflexive_src_fem.json": 0.05263157894736842, "npz_obj_mod.json": 1.0, "npi_src_any.json": 0.9473684210526315, "reflexive_prep_fem.json": 0.10526315789473684, "fgd-embed3.json": 0.5238095238095238, "subordination.json": 0.782608695652174, "reflexive_prep_masc.json": 0.5789473684210527, "cleft_modifier.json": 0.975, "fgd_subject.json": 0.7916666666666666, "mvrr.json": 0.6785714285714286, "npi_src_ever.json": 1.0, "npz_ambig.json": 0.9166666666666666, "cleft.json": 1.0, "npi_orc_ever.json": 1.0, "mvrr_mod.json": 0.5714285714285714, "nn-nv-rpl.json": 0.0, "center_embed.json": 0.9285714285714286, "fgd-embed4.json": 0.38095238095238093, "reflexive_src_masc.json": 0.3684210526315789, "subordination_pp-pp.json": 0.8260869565217391, "subordination_orc-orc.json": 0.782608695652174, "number_orc.json": 0.3684210526315789, "npz_obj.json": 1.0, "reflexive_orc_masc.json": 0.5263157894736842, "number_prep.json": 0.42105263157894735, "fgd_object.json": 1.0, "npz_ambig_mod.json": 0.9166666666666666, "center_embed_mod.json": 0.6071428571428571, "number_src.json": 0.3684210526315789, "reflexive_orc_fem.json": 0.05263157894736842, "fgd_pp.json": 0.5833333333333334, "npi_orc_any.json": 0.9736842105263158}