{"fgd_hierarchy.json": 0.5416666666666666, "subordination_src-src.json": 0.7391304347826086, "reflexive_src_fem.json": 0.42105263157894735, "npz_obj_mod.json": 1.0, "npi_src_any.json": 0.9736842105263158, "reflexive_prep_fem.json": 0.5263157894736842, "fgd-embed3.json": 0.5714285714285714, "subordination.json": 0.782608695652174, "reflexive_prep_masc.json": 0.631578947368421, "cleft_modifier.json": 0.975, "fgd_subject.json": 0.4583333333333333, "mvrr.json": 0.8214285714285714, "npi_src_ever.json": 1.0, "npz_ambig.json": 0.875, "cleft.json": 1.0, "npi_orc_ever.json": 1.0, "mvrr_mod.json": 0.7142857142857143, "nn-nv-rpl.json": 0.0, "center_embed.json": 0.9285714285714286, "fgd-embed4.json": 0.2857142857142857, "reflexive_src_masc.json": 0.7368421052631579, "subordination_pp-pp.json": 0.9130434782608695, "subordination_orc-orc.json": 0.8260869565217391, "number_orc.json": 0.5263157894736842, "npz_obj.json": 0.9583333333333334, "reflexive_orc_masc.json": 0.7894736842105263, "number_prep.json": 0.5263157894736842, "fgd_object.json": 0.9583333333333334, "npz_ambig_mod.json": 0.9583333333333334, "center_embed_mod.json": 0.8928571428571429, "number_src.json": 0.6842105263157895, "reflexive_orc_fem.json": 0.2631578947368421, "fgd_pp.json": 0.7916666666666666, "npi_orc_any.json": 0.9736842105263158}