{"fgd_hierarchy.json": 0.375, "subordination_src-src.json": 0.2608695652173913, "reflexive_src_fem.json": 0.47368421052631576, "npz_obj_mod.json": 0.9583333333333334, "npi_src_any.json": 0.8947368421052632, "reflexive_prep_fem.json": 0.3684210526315789, "fgd-embed3.json": 0.23809523809523808, "subordination.json": 0.043478260869565216, "reflexive_prep_masc.json": 0.6842105263157895, "cleft_modifier.json": 1.0, "fgd_subject.json": 0.3333333333333333, "mvrr.json": 0.6785714285714286, "npi_src_ever.json": 0.8421052631578947, "npz_ambig.json": 1.0, "cleft.json": 0.975, "npi_orc_ever.json": 0.7105263157894737, "mvrr_mod.json": 0.5714285714285714, "nn-nv-rpl.json": 1.0, "center_embed.json": 1.0, "fgd-embed4.json": 0.2857142857142857, "reflexive_src_masc.json": 0.7894736842105263, "subordination_pp-pp.json": 0.34782608695652173, "subordination_orc-orc.json": 0.30434782608695654, "number_orc.json": 0.5263157894736842, "npz_obj.json": 0.9583333333333334, "reflexive_orc_masc.json": 0.6842105263157895, "number_prep.json": 0.7368421052631579, "fgd_object.json": 0.8333333333333334, "npz_ambig_mod.json": 0.9583333333333334, "center_embed_mod.json": 0.9285714285714286, "number_src.json": 0.7368421052631579, "reflexive_orc_fem.json": 0.2631578947368421, "fgd_pp.json": 0.625, "npi_orc_any.json": 0.9210526315789473}