{"fgd_hierarchy.json": 0.0, "subordination_src-src.json": 0.9565217391304348, "reflexive_src_fem.json": 0.0, "npz_obj_mod.json": 0.625, "npi_src_any.json": 0.7894736842105263, "reflexive_prep_fem.json": 0.05263157894736842, "fgd-embed3.json": 0.0, "subordination.json": 0.9130434782608695, "reflexive_prep_masc.json": 0.10526315789473684, "cleft_modifier.json": 0.775, "fgd_subject.json": 0.4166666666666667, "mvrr.json": 0.7857142857142857, "npi_src_ever.json": 0.05263157894736842, "npz_ambig.json": 0.8333333333333334, "cleft.json": 0.9, "npi_orc_ever.json": 0.2631578947368421, "mvrr_mod.json": 0.7857142857142857, "nn-nv-rpl.json": 0.0, "center_embed.json": 0.6071428571428571, "fgd-embed4.json": 0.0, "reflexive_src_masc.json": 0.3684210526315789, "subordination_pp-pp.json": 0.9130434782608695, "subordination_orc-orc.json": 0.9565217391304348, "number_orc.json": 0.15789473684210525, "npz_obj.json": 1.0, "reflexive_orc_masc.json": 0.15789473684210525, "number_prep.json": 0.42105263157894735, "fgd_object.json": 0.08333333333333333, "npz_ambig_mod.json": 0.4583333333333333, "center_embed_mod.json": 0.4642857142857143, "number_src.json": 0.3157894736842105, "reflexive_orc_fem.json": 0.0, "fgd_pp.json": 0.125, "npi_orc_any.json": 0.868421052631579}