{"fgd_hierarchy.json": 0.7916666666666666, "subordination_src-src.json": 0.391304347826087, "reflexive_src_fem.json": 0.47368421052631576, "npz_obj_mod.json": 1.0, "npi_src_any.json": 0.9210526315789473, "reflexive_prep_fem.json": 0.2631578947368421, "fgd-embed3.json": 0.47619047619047616, "subordination.json": 0.5217391304347826, "reflexive_prep_masc.json": 0.8421052631578947, "cleft_modifier.json": 0.95, "fgd_subject.json": 0.5, "mvrr.json": 0.8928571428571429, "npi_src_ever.json": 1.0, "npz_ambig.json": 0.9583333333333334, "cleft.json": 0.975, "npi_orc_ever.json": 1.0, "mvrr_mod.json": 0.8571428571428571, "nn-nv-rpl.json": 0.0, "center_embed.json": 0.9642857142857143, "fgd-embed4.json": 0.23809523809523808, "reflexive_src_masc.json": 0.5263157894736842, "subordination_pp-pp.json": 0.6521739130434783, "subordination_orc-orc.json": 0.4782608695652174, "number_orc.json": 0.5789473684210527, "npz_obj.json": 0.8333333333333334, "reflexive_orc_masc.json": 0.6842105263157895, "number_prep.json": 0.7368421052631579, "fgd_object.json": 0.9166666666666666, "npz_ambig_mod.json": 1.0, "center_embed_mod.json": 0.8571428571428571, "number_src.json": 0.6842105263157895, "reflexive_orc_fem.json": 0.42105263157894735, "fgd_pp.json": 0.9166666666666666, "npi_orc_any.json": 0.9736842105263158}