{"fgd_hierarchy.json": 0.4166666666666667, "subordination_src-src.json": 0.08695652173913043, "reflexive_src_fem.json": 0.42105263157894735, "npz_obj_mod.json": 0.9583333333333334, "npi_src_any.json": 0.9473684210526315, "reflexive_prep_fem.json": 0.5263157894736842, "fgd-embed3.json": 0.42857142857142855, "subordination.json": 0.2608695652173913, "reflexive_prep_masc.json": 0.5789473684210527, "cleft_modifier.json": 0.975, "fgd_subject.json": 0.5416666666666666, "mvrr.json": 0.75, "npi_src_ever.json": 1.0, "npz_ambig.json": 0.875, "cleft.json": 1.0, "npi_orc_ever.json": 0.9736842105263158, "mvrr_mod.json": 0.6428571428571429, "nn-nv-rpl.json": 1.0, "center_embed.json": 0.9285714285714286, "fgd-embed4.json": 0.19047619047619047, "reflexive_src_masc.json": 0.6842105263157895, "subordination_pp-pp.json": 0.17391304347826086, "subordination_orc-orc.json": 0.043478260869565216, "number_orc.json": 0.5263157894736842, "npz_obj.json": 0.875, "reflexive_orc_masc.json": 0.6842105263157895, "number_prep.json": 0.5789473684210527, "fgd_object.json": 0.9583333333333334, "npz_ambig_mod.json": 0.875, "center_embed_mod.json": 0.9285714285714286, "number_src.json": 0.7368421052631579, "reflexive_orc_fem.json": 0.2631578947368421, "fgd_pp.json": 0.7083333333333334, "npi_orc_any.json": 1.0}