{"fgd_hierarchy.json": 0.7916666666666666, "subordination_src-src.json": 0.6521739130434783, "reflexive_src_fem.json": 0.0, "npz_obj_mod.json": 0.9583333333333334, "npi_src_any.json": 0.9473684210526315, "reflexive_prep_fem.json": 0.0, "fgd-embed3.json": 0.38095238095238093, "subordination.json": 0.8260869565217391, "reflexive_prep_masc.json": 0.5789473684210527, "cleft_modifier.json": 0.975, "fgd_subject.json": 0.9166666666666666, "mvrr.json": 0.6785714285714286, "npi_src_ever.json": 1.0, "npz_ambig.json": 0.875, "cleft.json": 1.0, "npi_orc_ever.json": 0.9736842105263158, "mvrr_mod.json": 0.75, "nn-nv-rpl.json": 1.0, "center_embed.json": 0.7857142857142857, "fgd-embed4.json": 0.23809523809523808, "reflexive_src_masc.json": 0.47368421052631576, "subordination_pp-pp.json": 0.7391304347826086, "subordination_orc-orc.json": 0.8260869565217391, "number_orc.json": 0.3157894736842105, "npz_obj.json": 0.9583333333333334, "reflexive_orc_masc.json": 0.7894736842105263, "number_prep.json": 0.5263157894736842, "fgd_object.json": 0.9583333333333334, "npz_ambig_mod.json": 0.7916666666666666, "center_embed_mod.json": 0.6071428571428571, "number_src.json": 0.631578947368421, "reflexive_orc_fem.json": 0.10526315789473684, "fgd_pp.json": 0.5833333333333334, "npi_orc_any.json": 0.9736842105263158}