{
    "fgd_hierarchy.json": 0.75,
    "subordination_src-src.json": 0.9130434782608695,
    "reflexive_src_fem.json": 0.3684210526315789,
    "npz_obj_mod.json": 1.0,
    "npi_src_any.json": 0.9473684210526315,
    "reflexive_prep_fem.json": 0.5789473684210527,
    "fgd-embed3.json": 0.6190476190476191,
    "subordination.json": 1.0,
    "reflexive_prep_masc.json": 0.7368421052631579,
    "cleft_modifier.json": 0.975,
    "fgd_subject.json": 0.5,
    "mvrr.json": 0.9285714285714286,
    "npi_src_ever.json": 1.0,
    "npz_ambig.json": 0.9166666666666666,
    "cleft.json": 1.0,
    "npi_orc_ever.json": 1.0,
    "mvrr_mod.json": 0.8571428571428571,
    "nn-nv-rpl.json": 0.0,
    "center_embed.json": 0.8571428571428571,
    "fgd-embed4.json": 0.2857142857142857,
    "reflexive_src_masc.json": 0.5789473684210527,
    "subordination_pp-pp.json": 0.9565217391304348,
    "subordination_orc-orc.json": 0.9565217391304348,
    "number_orc.json": 0.3684210526315789,
    "npz_obj.json": 1.0,
    "reflexive_orc_masc.json": 0.7894736842105263,
    "number_prep.json": 0.5263157894736842,
    "fgd_object.json": 0.9583333333333334,
    "npz_ambig_mod.json": 0.9166666666666666,
    "center_embed_mod.json": 0.8214285714285714,
    "number_src.json": 0.5263157894736842,
    "reflexive_orc_fem.json": 0.2631578947368421,
    "fgd_pp.json": 0.7916666666666666,
    "npi_orc_any.json": 0.9736842105263158
}