{"fgd_hierarchy.json": 0.4166666666666667, "subordination_src-src.json": 0.9565217391304348, "reflexive_src_fem.json": 0.21052631578947367, "npz_obj_mod.json": 1.0, "npi_src_any.json": 1.0, "reflexive_prep_fem.json": 0.42105263157894735, "fgd-embed3.json": 0.5238095238095238, "subordination.json": 0.7391304347826086, "reflexive_prep_masc.json": 0.5263157894736842, "cleft_modifier.json": 1.0, "fgd_subject.json": 0.5, "mvrr.json": 0.7857142857142857, "npi_src_ever.json": 1.0, "npz_ambig.json": 0.9583333333333334, "cleft.json": 1.0, "npi_orc_ever.json": 1.0, "mvrr_mod.json": 0.75, "nn-nv-rpl.json": 1.0, "center_embed.json": 1.0, "fgd-embed4.json": 0.5238095238095238, "reflexive_src_masc.json": 0.6842105263157895, "subordination_pp-pp.json": 0.8260869565217391, "subordination_orc-orc.json": 1.0, "number_orc.json": 0.7368421052631579, "npz_obj.json": 1.0, "reflexive_orc_masc.json": 0.9473684210526315, "number_prep.json": 0.7894736842105263, "fgd_object.json": 0.9583333333333334, "npz_ambig_mod.json": 0.9583333333333334, "center_embed_mod.json": 1.0, "number_src.json": 0.7894736842105263, "reflexive_orc_fem.json": 0.5789473684210527, "fgd_pp.json": 0.7916666666666666, "npi_orc_any.json": 1.0}