{"fgd_hierarchy.json": 0.3333333333333333, "subordination_src-src.json": 1.0, "reflexive_src_fem.json": 0.47368421052631576, "npz_obj_mod.json": 0.9583333333333334, "npi_src_any.json": 1.0, "reflexive_prep_fem.json": 0.3157894736842105, "fgd-embed3.json": 0.23809523809523808, "subordination.json": 0.9565217391304348, "reflexive_prep_masc.json": 0.7894736842105263, "cleft_modifier.json": 0.95, "fgd_subject.json": 0.3333333333333333, "mvrr.json": 0.8214285714285714, "npi_src_ever.json": 1.0, "npz_ambig.json": 0.9166666666666666, "cleft.json": 1.0, "npi_orc_ever.json": 1.0, "mvrr_mod.json": 0.75, "nn-nv-rpl.json": 1.0, "center_embed.json": 0.9285714285714286, "fgd-embed4.json": 0.09523809523809523, "reflexive_src_masc.json": 0.7368421052631579, "subordination_pp-pp.json": 1.0, "subordination_orc-orc.json": 1.0, "number_orc.json": 0.6842105263157895, "npz_obj.json": 0.9583333333333334, "reflexive_orc_masc.json": 0.8947368421052632, "number_prep.json": 0.6842105263157895, "fgd_object.json": 1.0, "npz_ambig_mod.json": 0.9166666666666666, "center_embed_mod.json": 0.8571428571428571, "number_src.json": 0.7368421052631579, "reflexive_orc_fem.json": 0.47368421052631576, "fgd_pp.json": 0.7916666666666666, "npi_orc_any.json": 1.0}