{"fgd_hierarchy.json": 0.4166666666666667, "subordination_src-src.json": 0.34782608695652173, "reflexive_src_fem.json": 0.42105263157894735, "npz_obj_mod.json": 0.9583333333333334, "npi_src_any.json": 0.9736842105263158, "reflexive_prep_fem.json": 0.3684210526315789, "fgd-embed3.json": 0.38095238095238093, "subordination.json": 0.43478260869565216, "reflexive_prep_masc.json": 0.47368421052631576, "cleft_modifier.json": 0.975, "fgd_subject.json": 0.5416666666666666, "mvrr.json": 0.75, "npi_src_ever.json": 1.0, "npz_ambig.json": 0.9583333333333334, "cleft.json": 1.0, "npi_orc_ever.json": 0.9736842105263158, "mvrr_mod.json": 0.6428571428571429, "nn-nv-rpl.json": 1.0, "center_embed.json": 0.9285714285714286, "fgd-embed4.json": 0.3333333333333333, "reflexive_src_masc.json": 0.631578947368421, "subordination_pp-pp.json": 0.391304347826087, "subordination_orc-orc.json": 0.391304347826087, "number_orc.json": 0.5263157894736842, "npz_obj.json": 1.0, "reflexive_orc_masc.json": 0.8421052631578947, "number_prep.json": 0.6842105263157895, "fgd_object.json": 0.9583333333333334, "npz_ambig_mod.json": 0.875, "center_embed_mod.json": 0.9642857142857143, "number_src.json": 0.6842105263157895, "reflexive_orc_fem.json": 0.3157894736842105, "fgd_pp.json": 0.75, "npi_orc_any.json": 1.0}