{"fgd_hierarchy.json": 0.4166666666666667, "subordination_src-src.json": 0.21739130434782608, "reflexive_src_fem.json": 0.42105263157894735, "npz_obj_mod.json": 0.9166666666666666, "npi_src_any.json": 0.8421052631578947, "reflexive_prep_fem.json": 0.47368421052631576, "fgd-embed3.json": 0.2857142857142857, "subordination.json": 0.08695652173913043, "reflexive_prep_masc.json": 0.7368421052631579, "cleft_modifier.json": 1.0, "fgd_subject.json": 0.375, "mvrr.json": 0.6785714285714286, "npi_src_ever.json": 0.8421052631578947, "npz_ambig.json": 0.9166666666666666, "cleft.json": 0.975, "npi_orc_ever.json": 0.5789473684210527, "mvrr_mod.json": 0.6428571428571429, "nn-nv-rpl.json": 1.0, "center_embed.json": 0.9285714285714286, "fgd-embed4.json": 0.3333333333333333, "reflexive_src_masc.json": 0.7894736842105263, "subordination_pp-pp.json": 0.43478260869565216, "subordination_orc-orc.json": 0.30434782608695654, "number_orc.json": 0.3684210526315789, "npz_obj.json": 0.9166666666666666, "reflexive_orc_masc.json": 0.47368421052631576, "number_prep.json": 0.8421052631578947, "fgd_object.json": 0.9583333333333334, "npz_ambig_mod.json": 0.9166666666666666, "center_embed_mod.json": 0.9642857142857143, "number_src.json": 0.631578947368421, "reflexive_orc_fem.json": 0.3157894736842105, "fgd_pp.json": 0.8333333333333334, "npi_orc_any.json": 0.8157894736842105}