{
    "fgd_hierarchy.json": 0.3333333333333333,
    "subordination_src-src.json": 0.043478260869565216,
    "reflexive_src_fem.json": 0.42105263157894735,
    "npz_obj_mod.json": 1.0,
    "npi_src_any.json": 0.9210526315789473,
    "reflexive_prep_fem.json": 0.5263157894736842,
    "fgd-embed3.json": 0.42857142857142855,
    "subordination.json": 0.043478260869565216,
    "reflexive_prep_masc.json": 0.5789473684210527,
    "cleft_modifier.json": 0.975,
    "fgd_subject.json": 0.041666666666666664,
    "mvrr.json": 0.5714285714285714,
    "npi_src_ever.json": 0.8947368421052632,
    "npz_ambig.json": 1.0,
    "cleft.json": 1.0,
    "npi_orc_ever.json": 1.0,
    "mvrr_mod.json": 0.4642857142857143,
    "nn-nv-rpl.json": 1.0,
    "center_embed.json": 0.9285714285714286,
    "fgd-embed4.json": 0.42857142857142855,
    "reflexive_src_masc.json": 0.6842105263157895,
    "subordination_pp-pp.json": 0.043478260869565216,
    "subordination_orc-orc.json": 0.043478260869565216,
    "number_orc.json": 0.5263157894736842,
    "npz_obj.json": 1.0,
    "reflexive_orc_masc.json": 0.6842105263157895,
    "number_prep.json": 0.5263157894736842,
    "fgd_object.json": 0.7083333333333334,
    "npz_ambig_mod.json": 0.9166666666666666,
    "center_embed_mod.json": 0.8928571428571429,
    "number_src.json": 0.7368421052631579,
    "reflexive_orc_fem.json": 0.2631578947368421,
    "fgd_pp.json": 0.75,
    "npi_orc_any.json": 0.9736842105263158
}