{"fgd_hierarchy.json": 0.625, "subordination_src-src.json": 0.9565217391304348, "reflexive_src_fem.json": 0.3157894736842105, "npz_obj_mod.json": 1.0, "npi_src_any.json": 1.0, "reflexive_prep_fem.json": 0.3157894736842105, "fgd-embed3.json": 0.47619047619047616, "subordination.json": 0.782608695652174, "reflexive_prep_masc.json": 0.6842105263157895, "cleft_modifier.json": 1.0, "fgd_subject.json": 0.5, "mvrr.json": 0.6428571428571429, "npi_src_ever.json": 1.0, "npz_ambig.json": 0.9583333333333334, "cleft.json": 1.0, "npi_orc_ever.json": 1.0, "mvrr_mod.json": 0.75, "nn-nv-rpl.json": 0.0, "center_embed.json": 1.0, "fgd-embed4.json": 0.6190476190476191, "reflexive_src_masc.json": 0.5263157894736842, "subordination_pp-pp.json": 0.9565217391304348, "subordination_orc-orc.json": 1.0, "number_orc.json": 0.7368421052631579, "npz_obj.json": 1.0, "reflexive_orc_masc.json": 0.9473684210526315, "number_prep.json": 0.8421052631578947, "fgd_object.json": 0.9583333333333334, "npz_ambig_mod.json": 0.9583333333333334, "center_embed_mod.json": 1.0, "number_src.json": 0.7894736842105263, "reflexive_orc_fem.json": 0.47368421052631576, "fgd_pp.json": 0.75, "npi_orc_any.json": 1.0}