{"fgd_hierarchy.json": 0.5416666666666666, "subordination_src-src.json": 1.0, "reflexive_src_fem.json": 0.10526315789473684, "npz_obj_mod.json": 1.0, "npi_src_any.json": 0.9736842105263158, "reflexive_prep_fem.json": 0.10526315789473684, "fgd-embed3.json": 0.2857142857142857, "subordination.json": 1.0, "reflexive_prep_masc.json": 0.7368421052631579, "cleft_modifier.json": 0.9, "fgd_subject.json": 0.9166666666666666, "mvrr.json": 0.7857142857142857, "npi_src_ever.json": 1.0, "npz_ambig.json": 0.9583333333333334, "cleft.json": 1.0, "npi_orc_ever.json": 1.0, "mvrr_mod.json": 0.8571428571428571, "nn-nv-rpl.json": 0.0, "center_embed.json": 0.8928571428571429, "fgd-embed4.json": 0.2857142857142857, "reflexive_src_masc.json": 0.5789473684210527, "subordination_pp-pp.json": 1.0, "subordination_orc-orc.json": 0.9565217391304348, "number_orc.json": 0.42105263157894735, "npz_obj.json": 1.0, "reflexive_orc_masc.json": 0.8947368421052632, "number_prep.json": 0.47368421052631576, "fgd_object.json": 0.875, "npz_ambig_mod.json": 0.875, "center_embed_mod.json": 0.8928571428571429, "number_src.json": 0.3157894736842105, "reflexive_orc_fem.json": 0.15789473684210525, "fgd_pp.json": 0.875, "npi_orc_any.json": 1.0}