{"fgd_hierarchy.json": 0.7083333333333334, "subordination_src-src.json": 0.9565217391304348, "reflexive_src_fem.json": 0.3684210526315789, "npz_obj_mod.json": 1.0, "npi_src_any.json": 0.8947368421052632, "reflexive_prep_fem.json": 0.47368421052631576, "fgd-embed3.json": 0.47619047619047616, "subordination.json": 0.9130434782608695, "reflexive_prep_masc.json": 0.8421052631578947, "cleft_modifier.json": 0.95, "fgd_subject.json": 0.5416666666666666, "mvrr.json": 0.8571428571428571, "npi_src_ever.json": 1.0, "npz_ambig.json": 0.9583333333333334, "cleft.json": 0.975, "npi_orc_ever.json": 1.0, "mvrr_mod.json": 0.8571428571428571, "nn-nv-rpl.json": 0.0, "center_embed.json": 0.9285714285714286, "fgd-embed4.json": 0.19047619047619047, "reflexive_src_masc.json": 0.5263157894736842, "subordination_pp-pp.json": 0.8695652173913043, "subordination_orc-orc.json": 0.8695652173913043, "number_orc.json": 0.5263157894736842, "npz_obj.json": 0.875, "reflexive_orc_masc.json": 0.7894736842105263, "number_prep.json": 0.6842105263157895, "fgd_object.json": 0.9166666666666666, "npz_ambig_mod.json": 1.0, "center_embed_mod.json": 0.8571428571428571, "number_src.json": 0.6842105263157895, "reflexive_orc_fem.json": 0.3684210526315789, "fgd_pp.json": 0.8333333333333334, "npi_orc_any.json": 0.9736842105263158}