{"fgd_hierarchy.json": 0.7083333333333334, "subordination_src-src.json": 0.9565217391304348, "reflexive_src_fem.json": 0.10526315789473684, "npz_obj_mod.json": 1.0, "npi_src_any.json": 0.9736842105263158, "reflexive_prep_fem.json": 0.15789473684210525, "fgd-embed3.json": 0.2857142857142857, "subordination.json": 0.782608695652174, "reflexive_prep_masc.json": 0.5263157894736842, "cleft_modifier.json": 0.875, "fgd_subject.json": 0.7916666666666666, "mvrr.json": 0.75, "npi_src_ever.json": 1.0, "npz_ambig.json": 0.9583333333333334, "cleft.json": 1.0, "npi_orc_ever.json": 1.0, "mvrr_mod.json": 0.7857142857142857, "nn-nv-rpl.json": 0.0, "center_embed.json": 0.8571428571428571, "fgd-embed4.json": 0.2857142857142857, "reflexive_src_masc.json": 0.6842105263157895, "subordination_pp-pp.json": 1.0, "subordination_orc-orc.json": 0.9565217391304348, "number_orc.json": 0.631578947368421, "npz_obj.json": 1.0, "reflexive_orc_masc.json": 0.7368421052631579, "number_prep.json": 0.6842105263157895, "fgd_object.json": 0.9583333333333334, "npz_ambig_mod.json": 0.875, "center_embed_mod.json": 0.9285714285714286, "number_src.json": 0.6842105263157895, "reflexive_orc_fem.json": 0.10526315789473684, "fgd_pp.json": 0.9166666666666666, "npi_orc_any.json": 1.0}