{"fgd_hierarchy.json": 0.375, "subordination_src-src.json": 0.782608695652174, "reflexive_src_fem.json": 0.21052631578947367, "npz_obj_mod.json": 1.0, "npi_src_any.json": 0.9736842105263158, "reflexive_prep_fem.json": 0.3684210526315789, "fgd-embed3.json": 0.38095238095238093, "subordination.json": 0.9565217391304348, "reflexive_prep_masc.json": 0.47368421052631576, "cleft_modifier.json": 0.975, "fgd_subject.json": 0.6666666666666666, "mvrr.json": 0.7857142857142857, "npi_src_ever.json": 1.0, "npz_ambig.json": 0.9583333333333334, "cleft.json": 1.0, "npi_orc_ever.json": 1.0, "mvrr_mod.json": 0.6785714285714286, "nn-nv-rpl.json": 1.0, "center_embed.json": 0.9285714285714286, "fgd-embed4.json": 0.38095238095238093, "reflexive_src_masc.json": 0.5789473684210527, "subordination_pp-pp.json": 0.7391304347826086, "subordination_orc-orc.json": 0.6086956521739131, "number_orc.json": 0.3157894736842105, "npz_obj.json": 1.0, "reflexive_orc_masc.json": 0.7368421052631579, "number_prep.json": 0.631578947368421, "fgd_object.json": 0.9583333333333334, "npz_ambig_mod.json": 0.9166666666666666, "center_embed_mod.json": 0.9285714285714286, "number_src.json": 0.7368421052631579, "reflexive_orc_fem.json": 0.3157894736842105, "fgd_pp.json": 0.75, "npi_orc_any.json": 1.0}