{"fgd_hierarchy.json": 0.08333333333333333, "subordination_src-src.json": 0.9130434782608695, "reflexive_src_fem.json": 0.3684210526315789, "npz_obj_mod.json": 0.75, "npi_src_any.json": 1.0, "reflexive_prep_fem.json": 0.21052631578947367, "fgd-embed3.json": 0.23809523809523808, "subordination.json": 0.6086956521739131, "reflexive_prep_masc.json": 0.05263157894736842, "cleft_modifier.json": 0.45, "fgd_subject.json": 0.125, "mvrr.json": 0.9285714285714286, "npi_src_ever.json": 1.0, "npz_ambig.json": 0.75, "cleft.json": 0.975, "npi_orc_ever.json": 0.9210526315789473, "mvrr_mod.json": 0.8928571428571429, "nn-nv-rpl.json": 0.0, "center_embed.json": 0.75, "fgd-embed4.json": 0.14285714285714285, "reflexive_src_masc.json": 0.3157894736842105, "subordination_pp-pp.json": 0.7391304347826086, "subordination_orc-orc.json": 0.782608695652174, "number_orc.json": 0.5263157894736842, "npz_obj.json": 0.7916666666666666, "reflexive_orc_masc.json": 0.42105263157894735, "number_prep.json": 0.631578947368421, "fgd_object.json": 0.08333333333333333, "npz_ambig_mod.json": 0.6666666666666666, "center_embed_mod.json": 0.7857142857142857, "number_src.json": 0.631578947368421, "reflexive_orc_fem.json": 0.6842105263157895, "fgd_pp.json": 0.125, "npi_orc_any.json": 0.9736842105263158}