{"fgd_hierarchy.json": 0.625, "subordination_src-src.json": 0.7391304347826086, "reflexive_src_fem.json": 0.0, "npz_obj_mod.json": 1.0, "npi_src_any.json": 0.9210526315789473, "reflexive_prep_fem.json": 0.05263157894736842, "fgd-embed3.json": 0.5714285714285714, "subordination.json": 0.9565217391304348, "reflexive_prep_masc.json": 0.631578947368421, "cleft_modifier.json": 0.975, "fgd_subject.json": 0.7916666666666666, "mvrr.json": 0.6785714285714286, "npi_src_ever.json": 1.0, "npz_ambig.json": 0.875, "cleft.json": 1.0, "npi_orc_ever.json": 1.0, "mvrr_mod.json": 0.5714285714285714, "nn-nv-rpl.json": 1.0, "center_embed.json": 0.8571428571428571, "fgd-embed4.json": 0.38095238095238093, "reflexive_src_masc.json": 0.47368421052631576, "subordination_pp-pp.json": 0.9130434782608695, "subordination_orc-orc.json": 0.9130434782608695, "number_orc.json": 0.21052631578947367, "npz_obj.json": 0.9583333333333334, "reflexive_orc_masc.json": 0.7368421052631579, "number_prep.json": 0.5789473684210527, "fgd_object.json": 1.0, "npz_ambig_mod.json": 0.8333333333333334, "center_embed_mod.json": 0.5357142857142857, "number_src.json": 0.631578947368421, "reflexive_orc_fem.json": 0.05263157894736842, "fgd_pp.json": 0.625, "npi_orc_any.json": 0.9736842105263158}