{"fgd_hierarchy.json": 0.3333333333333333, "subordination_src-src.json": 0.9565217391304348, "reflexive_src_fem.json": 0.5263157894736842, "npz_obj_mod.json": 0.9583333333333334, "npi_src_any.json": 0.9473684210526315, "reflexive_prep_fem.json": 0.5789473684210527, "fgd-embed3.json": 0.23809523809523808, "subordination.json": 0.9565217391304348, "reflexive_prep_masc.json": 0.8947368421052632, "cleft_modifier.json": 0.975, "fgd_subject.json": 0.3333333333333333, "mvrr.json": 0.8214285714285714, "npi_src_ever.json": 1.0, "npz_ambig.json": 0.875, "cleft.json": 1.0, "npi_orc_ever.json": 1.0, "mvrr_mod.json": 0.75, "nn-nv-rpl.json": 0.0, "center_embed.json": 0.8214285714285714, "fgd-embed4.json": 0.19047619047619047, "reflexive_src_masc.json": 0.9473684210526315, "subordination_pp-pp.json": 0.9565217391304348, "subordination_orc-orc.json": 1.0, "number_orc.json": 0.5263157894736842, "npz_obj.json": 0.9166666666666666, "reflexive_orc_masc.json": 0.9473684210526315, "number_prep.json": 0.631578947368421, "fgd_object.json": 1.0, "npz_ambig_mod.json": 0.9166666666666666, "center_embed_mod.json": 0.7142857142857143, "number_src.json": 0.7368421052631579, "reflexive_orc_fem.json": 0.631578947368421, "fgd_pp.json": 0.7083333333333334, "npi_orc_any.json": 0.9736842105263158}