{"fgd_hierarchy.json": 0.625, "subordination_src-src.json": 0.8260869565217391, "reflexive_src_fem.json": 0.15789473684210525, "npz_obj_mod.json": 1.0, "npi_src_any.json": 0.5789473684210527, "reflexive_prep_fem.json": 0.21052631578947367, "fgd-embed3.json": 0.7619047619047619, "subordination.json": 0.9565217391304348, "reflexive_prep_masc.json": 0.7894736842105263, "cleft_modifier.json": 0.925, "fgd_subject.json": 0.5, "mvrr.json": 0.7857142857142857, "npi_src_ever.json": 0.9210526315789473, "npz_ambig.json": 0.9166666666666666, "cleft.json": 1.0, "npi_orc_ever.json": 1.0, "mvrr_mod.json": 0.75, "nn-nv-rpl.json": 1.0, "center_embed.json": 0.9285714285714286, "fgd-embed4.json": 0.47619047619047616, "reflexive_src_masc.json": 0.631578947368421, "subordination_pp-pp.json": 0.9565217391304348, "subordination_orc-orc.json": 0.8695652173913043, "number_orc.json": 0.631578947368421, "npz_obj.json": 1.0, "reflexive_orc_masc.json": 0.8421052631578947, "number_prep.json": 0.7894736842105263, "fgd_object.json": 0.9583333333333334, "npz_ambig_mod.json": 0.8333333333333334, "center_embed_mod.json": 0.8571428571428571, "number_src.json": 0.7894736842105263, "reflexive_orc_fem.json": 0.47368421052631576, "fgd_pp.json": 0.875, "npi_orc_any.json": 0.9736842105263158}