{"fgd_hierarchy.json": 0.7916666666666666, "subordination_src-src.json": 0.9565217391304348, "reflexive_src_fem.json": 0.42105263157894735, "npz_obj_mod.json": 1.0, "npi_src_any.json": 1.0, "reflexive_prep_fem.json": 0.5789473684210527, "fgd-embed3.json": 0.6190476190476191, "subordination.json": 0.9130434782608695, "reflexive_prep_masc.json": 0.7368421052631579, "cleft_modifier.json": 1.0, "fgd_subject.json": 0.625, "mvrr.json": 0.75, "npi_src_ever.json": 1.0, "npz_ambig.json": 0.9583333333333334, "cleft.json": 1.0, "npi_orc_ever.json": 1.0, "mvrr_mod.json": 0.8214285714285714, "nn-nv-rpl.json": 1.0, "center_embed.json": 0.9642857142857143, "fgd-embed4.json": 0.5714285714285714, "reflexive_src_masc.json": 0.6842105263157895, "subordination_pp-pp.json": 0.9565217391304348, "subordination_orc-orc.json": 1.0, "number_orc.json": 0.5789473684210527, "npz_obj.json": 1.0, "reflexive_orc_masc.json": 0.7894736842105263, "number_prep.json": 0.8421052631578947, "fgd_object.json": 0.9583333333333334, "npz_ambig_mod.json": 0.875, "center_embed_mod.json": 0.8928571428571429, "number_src.json": 0.7894736842105263, "reflexive_orc_fem.json": 0.3684210526315789, "fgd_pp.json": 0.9583333333333334, "npi_orc_any.json": 1.0}