{
    "fgd_hierarchy.json": 0.8333333333333334,
    "subordination_src-src.json": 0.9130434782608695,
    "reflexive_src_fem.json": 0.3684210526315789,
    "npz_obj_mod.json": 1.0,
    "npi_src_any.json": 0.9736842105263158,
    "reflexive_prep_fem.json": 0.47368421052631576,
    "fgd-embed3.json": 0.6666666666666666,
    "subordination.json": 0.8695652173913043,
    "reflexive_prep_masc.json": 0.7368421052631579,
    "cleft_modifier.json": 1.0,
    "fgd_subject.json": 0.4583333333333333,
    "mvrr.json": 0.8214285714285714,
    "npi_src_ever.json": 1.0,
    "npz_ambig.json": 0.9583333333333334,
    "cleft.json": 1.0,
    "npi_orc_ever.json": 1.0,
    "mvrr_mod.json": 0.8571428571428571,
    "nn-nv-rpl.json": 1.0,
    "center_embed.json": 0.9642857142857143,
    "fgd-embed4.json": 0.5238095238095238,
    "reflexive_src_masc.json": 0.47368421052631576,
    "subordination_pp-pp.json": 1.0,
    "subordination_orc-orc.json": 1.0,
    "number_orc.json": 0.631578947368421,
    "npz_obj.json": 1.0,
    "reflexive_orc_masc.json": 0.7894736842105263,
    "number_prep.json": 0.8421052631578947,
    "fgd_object.json": 0.9583333333333334,
    "npz_ambig_mod.json": 0.9583333333333334,
    "center_embed_mod.json": 0.9285714285714286,
    "number_src.json": 0.7894736842105263,
    "reflexive_orc_fem.json": 0.3157894736842105,
    "fgd_pp.json": 0.9583333333333334,
    "npi_orc_any.json": 1.0
}