{
    "fgd_hierarchy.json": 0.7083333333333334,
    "subordination_src-src.json": 0.7391304347826086,
    "reflexive_src_fem.json": 0.42105263157894735,
    "npz_obj_mod.json": 1.0,
    "npi_src_any.json": 0.9736842105263158,
    "reflexive_prep_fem.json": 0.5789473684210527,
    "fgd-embed3.json": 0.5714285714285714,
    "subordination.json": 0.9130434782608695,
    "reflexive_prep_masc.json": 0.9473684210526315,
    "cleft_modifier.json": 1.0,
    "fgd_subject.json": 0.4583333333333333,
    "mvrr.json": 0.7142857142857143,
    "npi_src_ever.json": 0.9473684210526315,
    "npz_ambig.json": 0.9583333333333334,
    "cleft.json": 1.0,
    "npi_orc_ever.json": 1.0,
    "mvrr_mod.json": 0.8928571428571429,
    "nn-nv-rpl.json": 1.0,
    "center_embed.json": 1.0,
    "fgd-embed4.json": 0.5714285714285714,
    "reflexive_src_masc.json": 0.7368421052631579,
    "subordination_pp-pp.json": 0.9565217391304348,
    "subordination_orc-orc.json": 0.8695652173913043,
    "number_orc.json": 0.7368421052631579,
    "npz_obj.json": 1.0,
    "reflexive_orc_masc.json": 0.7894736842105263,
    "number_prep.json": 0.7894736842105263,
    "fgd_object.json": 0.9583333333333334,
    "npz_ambig_mod.json": 1.0,
    "center_embed_mod.json": 0.9285714285714286,
    "number_src.json": 0.7894736842105263,
    "reflexive_orc_fem.json": 0.47368421052631576,
    "fgd_pp.json": 0.8333333333333334,
    "npi_orc_any.json": 1.0
}