{
    "fgd_hierarchy.json": 0.4583333333333333,
    "subordination_src-src.json": 0.9565217391304348,
    "reflexive_src_fem.json": 0.3157894736842105,
    "npz_obj_mod.json": 1.0,
    "npi_src_any.json": 0.9736842105263158,
    "reflexive_prep_fem.json": 0.5263157894736842,
    "fgd-embed3.json": 0.6190476190476191,
    "subordination.json": 0.7391304347826086,
    "reflexive_prep_masc.json": 0.7894736842105263,
    "cleft_modifier.json": 1.0,
    "fgd_subject.json": 0.5,
    "mvrr.json": 0.7857142857142857,
    "npi_src_ever.json": 1.0,
    "npz_ambig.json": 1.0,
    "cleft.json": 1.0,
    "npi_orc_ever.json": 0.9736842105263158,
    "mvrr_mod.json": 0.7142857142857143,
    "nn-nv-rpl.json": 1.0,
    "center_embed.json": 1.0,
    "fgd-embed4.json": 0.47619047619047616,
    "reflexive_src_masc.json": 0.5789473684210527,
    "subordination_pp-pp.json": 0.9565217391304348,
    "subordination_orc-orc.json": 1.0,
    "number_orc.json": 0.8421052631578947,
    "npz_obj.json": 1.0,
    "reflexive_orc_masc.json": 0.9473684210526315,
    "number_prep.json": 0.7894736842105263,
    "fgd_object.json": 0.9166666666666666,
    "npz_ambig_mod.json": 1.0,
    "center_embed_mod.json": 0.9642857142857143,
    "number_src.json": 0.7894736842105263,
    "reflexive_orc_fem.json": 0.42105263157894735,
    "fgd_pp.json": 0.75,
    "npi_orc_any.json": 0.9736842105263158
}