{
    "fgd_hierarchy.json": 0.5,
    "subordination_src-src.json": 0.9565217391304348,
    "reflexive_src_fem.json": 0.21052631578947367,
    "npz_obj_mod.json": 1.0,
    "npi_src_any.json": 0.9473684210526315,
    "reflexive_prep_fem.json": 0.42105263157894735,
    "fgd-embed3.json": 0.5238095238095238,
    "subordination.json": 0.7391304347826086,
    "reflexive_prep_masc.json": 0.7894736842105263,
    "cleft_modifier.json": 1.0,
    "fgd_subject.json": 0.5833333333333334,
    "mvrr.json": 0.75,
    "npi_src_ever.json": 1.0,
    "npz_ambig.json": 0.9583333333333334,
    "cleft.json": 1.0,
    "npi_orc_ever.json": 0.9736842105263158,
    "mvrr_mod.json": 0.75,
    "nn-nv-rpl.json": 1.0,
    "center_embed.json": 0.9285714285714286,
    "fgd-embed4.json": 0.5238095238095238,
    "reflexive_src_masc.json": 0.7368421052631579,
    "subordination_pp-pp.json": 0.9130434782608695,
    "subordination_orc-orc.json": 0.8695652173913043,
    "number_orc.json": 0.7894736842105263,
    "npz_obj.json": 1.0,
    "reflexive_orc_masc.json": 1.0,
    "number_prep.json": 0.7368421052631579,
    "fgd_object.json": 0.875,
    "npz_ambig_mod.json": 0.9166666666666666,
    "center_embed_mod.json": 0.9642857142857143,
    "number_src.json": 0.8421052631578947,
    "reflexive_orc_fem.json": 0.3157894736842105,
    "fgd_pp.json": 0.7916666666666666,
    "npi_orc_any.json": 1.0
}