{
    "island_effects": {
        "correlation": -0.167550010997258,
        "pvalue": 5.3144
    },
    "anaphor_agreement": {
        "correlation": 0.4873376969610763,
        "pvalue": 0.1508
    },
    "s-selection": {
        "correlation": 0.13914529914529913,
        "pvalue": 6.4714
    },
    "argument_structure": {
        "correlation": 0.4892307692307692,
        "pvalue": 0.1352
    },
    "determiner_noun_agreement": {
        "correlation": 0.08717948717948718,
        "pvalue": 8.824399999999999
    },
    "subject_verb_agreement": {
        "correlation": -0.2930415498462247,
        "pvalue": 1.9162000000000001
    },
    "ellipsis": {
        "correlation": -0.22256410256410253,
        "pvalue": 3.5073999999999996
    },
    "control_raising": {
        "correlation": 0.554966669078673,
        "pvalue": 0.041600000000000005
    },
    "quantifiers": {
        "correlation": 0.2957264957264957,
        "pvalue": 1.7550000000000001
    },
    "irregular_forms": {
        "correlation": 0.20037613560080245,
        "pvalue": 4.212
    },
    "npi_licensing": {
        "correlation": -0.24991452991452992,
        "pvalue": 2.9198
    },
    "binding": {
        "correlation": 0.6758974358974358,
        "pvalue": 0.005200000000000001
    },
    "filler_gap_dependency": {
        "correlation": -0.2594871794871795,
        "pvalue": 2.5844
    }
}