{"island_effects": {"correlation": 0.19999999999999998, "pvalue": 0.7833333333333333}, "anaphor_agreement": {"correlation": -0.39999999999999997, "pvalue": 0.5166666666666667}, "s-selection": {"correlation": 0.19999999999999998, "pvalue": 0.7833333333333333}, "argument_structure": {"correlation": 0.09999999999999999, "pvalue": 0.95}, "determiner_noun_agreement": {"correlation": 0.7, "pvalue": 0.23333333333333334}, "subject_verb_agreement": {"correlation": -0.7, "pvalue": 0.23333333333333334}, "ellipsis": {"correlation": -0.3, "pvalue": 0.6833333333333333}, "control_raising": {"correlation": 0.6, "pvalue": 0.35}, "quantifiers": {"correlation": -0.19999999999999998, "pvalue": 0.7833333333333333}, "irregular_forms": {"correlation": 0.19999999999999998, "pvalue": 0.7833333333333333}, "npi_licensing": {"correlation": -0.3, "pvalue": 0.6833333333333333}, "binding": {"correlation": 0.49999999999999994, "pvalue": 0.45}, "filler_gap_dependency": {"correlation": 0.39999999999999997, "pvalue": 0.5166666666666667}}