{"island_effects": {"correlation": 0.15818519220926988, "pvalue": 7.0356000000000005}, "anaphor_agreement": {"correlation": 0.3960666571443204, "pvalue": 1.5054}, "s-selection": {"correlation": 0.18137254901960786, "pvalue": 6.1594}, "argument_structure": {"correlation": 0.411764705882353, "pvalue": 1.3337999999999999}, "determiner_noun_agreement": {"correlation": 0.18382352941176472, "pvalue": 6.2972}, "subject_verb_agreement": {"correlation": 0.04291846300251508, "pvalue": 11.200800000000001}, "ellipsis": {"correlation": 0.25980392156862747, "pvalue": 3.9416}, "control_raising": {"correlation": 0.18137254901960786, "pvalue": 6.1698}, "quantifiers": {"correlation": -0.26960784313725494, "pvalue": 4.147}, "irregular_forms": {"correlation": 0.4156959702243604, "pvalue": 1.2713999999999999}, "npi_licensing": {"correlation": 0.25490196078431376, "pvalue": 4.134}, "binding": {"correlation": 0.4803921568627451, "pvalue": 0.6786000000000001}, "filler_gap_dependency": {"correlation": 0.06127450980392158, "pvalue": 10.475399999999999}}