{"center_embed.json": 0.6666666666666666, "center_embed_mod.json": 0.6187683284457478, "cleft.json": 0.7592867756315007, "cleft_modifier.json": 0.7212490479817213, "fgd-embed3.json": 0.5800636267232238, "fgd-embed4.json": 0.5173383317713215, "fgd_hierarchy.json": 0.67384916748286, "fgd_object.json": 0.8092848180677541, "fgd_pp.json": 0.803030303030303, "fgd_subject.json": 0.8019925280199253, "mvrr.json": 0.7681940700808625, "mvrr_mod.json": 0.7159172019985724, "nn-nv-rpl.json": 0.8, "npi_orc_any.json": 0.7523584905660378, "npi_orc_ever.json": 0.693127962085308, "npi_src_any.json": 0.7830188679245284, "npi_src_ever.json": 0.7144549763033176, "npz_ambig.json": 0.833130328867235, "npz_ambig_mod.json": 0.7660924750679964, "npz_obj.json": 0.8233369683751364, "npz_obj_mod.json": 0.773978315262719, "number_orc.json": 0.7611111111111111, "number_prep.json": 0.7158469945355191, "number_src.json": 0.7527777777777778, "reflexive_orc_fem.json": 0.7325581395348837, "reflexive_orc_masc.json": 0.7848837209302325, "reflexive_prep_fem.json": 0.6714285714285714, "reflexive_prep_masc.json": 0.6771428571428572, "reflexive_src_fem.json": 0.7093023255813954, "reflexive_src_masc.json": 0.7122093023255814, "subordination.json": 0.8873239436619719, "subordination_orc-orc.json": 0.6252446183953033, "subordination_pp-pp.json": 0.7296767874632712, "subordination_src-src.json": 0.6950146627565983}