{"center_embed.json": 0.6577777777777778, "center_embed_mod.json": 0.5747800586510264, "cleft.json": 0.6210995542347697, "cleft_modifier.json": 0.6382330540746383, "fgd-embed3.json": 0.5005302226935313, "fgd-embed4.json": 0.4554826616682287, "fgd_hierarchy.json": 0.6415279138099902, "fgd_object.json": 0.7590966122961104, "fgd_pp.json": 0.7588383838383839, "fgd_subject.json": 0.7459526774595268, "mvrr.json": 0.6963162623539982, "mvrr_mod.json": 0.6702355460385439, "nn-nv-rpl.json": 0.8, "npi_orc_any.json": 0.7004716981132075, "npi_orc_ever.json": 0.7061611374407583, "npi_src_any.json": 0.7382075471698113, "npi_src_ever.json": 0.8080568720379147, "npz_ambig.json": 0.6991473812423873, "npz_ambig_mod.json": 0.658204895738894, "npz_obj.json": 0.7044711014176663, "npz_obj_mod.json": 0.6363636363636364, "number_orc.json": 0.7194444444444444, "number_prep.json": 0.6502732240437158, "number_src.json": 0.7, "reflexive_orc_fem.json": 0.6947674418604651, "reflexive_orc_masc.json": 0.7151162790697675, "reflexive_prep_fem.json": 0.6628571428571428, "reflexive_prep_masc.json": 0.6628571428571428, "reflexive_src_fem.json": 0.6947674418604651, "reflexive_src_masc.json": 0.6831395348837209, "subordination.json": 0.8229376257545271, "subordination_orc-orc.json": 0.6350293542074364, "subordination_pp-pp.json": 0.6895200783545543, "subordination_src-src.json": 0.6842619745845552}