{"center_embed.json": 0.64, "center_embed_mod.json": 0.5982404692082112, "cleft.json": 0.7904903417533432, "cleft_modifier.json": 0.6923076923076923, "fgd-embed3.json": 0.5556733828207847, "fgd-embed4.json": 0.5032802249297095, "fgd_hierarchy.json": 0.6816846229187071, "fgd_object.json": 0.7829360100376411, "fgd_pp.json": 0.7828282828282829, "fgd_subject.json": 0.7920298879202988, "mvrr.json": 0.7646001796945193, "mvrr_mod.json": 0.6745182012847966, "nn-nv-rpl.json": 0.7333333333333333, "npi_orc_any.json": 0.7370283018867925, "npi_orc_ever.json": 0.735781990521327, "npi_src_any.json": 0.7582547169811321, "npi_src_ever.json": 0.768957345971564, "npz_ambig.json": 0.8733252131546894, "npz_ambig_mod.json": 0.7905711695376246, "npz_obj.json": 0.8473282442748091, "npz_obj_mod.json": 0.7873227689741451, "number_orc.json": 0.7888888888888889, "number_prep.json": 0.7513661202185792, "number_src.json": 0.7777777777777778, "reflexive_orc_fem.json": 0.7209302325581395, "reflexive_orc_masc.json": 0.7761627906976745, "reflexive_prep_fem.json": 0.7171428571428572, "reflexive_prep_masc.json": 0.7171428571428572, "reflexive_src_fem.json": 0.7354651162790697, "reflexive_src_masc.json": 0.7325581395348837, "subordination.json": 0.8792756539235412, "subordination_orc-orc.json": 0.6829745596868885, "subordination_pp-pp.json": 0.7296767874632712, "subordination_src-src.json": 0.7106549364613881}