{
    "center_embed.json": 0.6666666666666666,
    "center_embed_mod.json": 0.5395894428152492,
    "cleft.json": 0.6939078751857355,
    "cleft_modifier.json": 0.6603198781416603,
    "fgd-embed3.json": 0.528101802757158,
    "fgd-embed4.json": 0.4854732895970009,
    "fgd_hierarchy.json": 0.672869735553379,
    "fgd_object.json": 0.766624843161857,
    "fgd_pp.json": 0.7563131313131313,
    "fgd_subject.json": 0.763387297633873,
    "mvrr.json": 0.7619047619047619,
    "mvrr_mod.json": 0.6937901498929336,
    "nn-nv-rpl.json": 0.8,
    "npi_orc_any.json": 0.7747641509433962,
    "npi_orc_ever.json": 0.7097156398104265,
    "npi_src_any.json": 0.7606132075471698,
    "npi_src_ever.json": 0.7476303317535545,
    "npz_ambig.json": 0.8209500609013398,
    "npz_ambig_mod.json": 0.7697189483227561,
    "npz_obj.json": 0.8200654307524536,
    "npz_obj_mod.json": 0.7564637197664721,
    "number_orc.json": 0.7888888888888889,
    "number_prep.json": 0.7295081967213115,
    "number_src.json": 0.7805555555555556,
    "reflexive_orc_fem.json": 0.7645348837209303,
    "reflexive_orc_masc.json": 0.813953488372093,
    "reflexive_prep_fem.json": 0.7371428571428571,
    "reflexive_prep_masc.json": 0.7485714285714286,
    "reflexive_src_fem.json": 0.7325581395348837,
    "reflexive_src_masc.json": 0.7354651162790697,
    "subordination.json": 0.8832997987927566,
    "subordination_orc-orc.json": 0.6790606653620352,
    "subordination_pp-pp.json": 0.7198824681684622,
    "subordination_src-src.json": 0.7135874877810362
}