{"center_embed.json": 0.6444444444444445, "center_embed_mod.json": 0.5982404692082112, "cleft.json": 0.6210995542347697, "cleft_modifier.json": 0.6481340441736482, "fgd-embed3.json": 0.5058324496288441, "fgd-embed4.json": 0.4414245548266167, "fgd_hierarchy.json": 0.6150832517140059, "fgd_object.json": 0.7741530740276035, "fgd_pp.json": 0.7727272727272727, "fgd_subject.json": 0.7783312577833126, "mvrr.json": 0.7214734950584007, "mvrr_mod.json": 0.6716630977872948, "nn-nv-rpl.json": 0.8666666666666667, "npi_orc_any.json": 0.7912735849056604, "npi_orc_ever.json": 0.7914691943127962, "npi_src_any.json": 0.7358490566037735, "npi_src_ever.json": 0.7582938388625592, "npz_ambig.json": 0.7978075517661388, "npz_ambig_mod.json": 0.743427017225748, "npz_obj.json": 0.7742639040348964, "npz_obj_mod.json": 0.7406171809841534, "number_orc.json": 0.7444444444444445, "number_prep.json": 0.7158469945355191, "number_src.json": 0.7444444444444445, "reflexive_orc_fem.json": 0.6802325581395349, "reflexive_orc_masc.json": 0.6918604651162791, "reflexive_prep_fem.json": 0.7028571428571428, "reflexive_prep_masc.json": 0.7142857142857143, "reflexive_src_fem.json": 0.75, "reflexive_src_masc.json": 0.75, "subordination.json": 0.8390342052313883, "subordination_orc-orc.json": 0.6448140900195695, "subordination_pp-pp.json": 0.6963761018609207, "subordination_src-src.json": 0.6959921798631477}