{"center_embed.json": 0.6311111111111111, "center_embed_mod.json": 0.5865102639296188, "cleft.json": 0.5765230312035661, "cleft_modifier.json": 0.6108149276466108, "fgd-embed3.json": 0.528101802757158, "fgd-embed4.json": 0.4761012183692596, "fgd_hierarchy.json": 0.5876591576885406, "fgd_object.json": 0.7440401505646174, "fgd_pp.json": 0.7512626262626263, "fgd_subject.json": 0.7459526774595268, "mvrr.json": 0.7529200359389039, "mvrr_mod.json": 0.6795146324054246, "nn-nv-rpl.json": 0.7333333333333333, "npi_orc_any.json": 0.7558962264150944, "npi_orc_ever.json": 0.7109004739336493, "npi_src_any.json": 0.7158018867924528, "npi_src_ever.json": 0.7535545023696683, "npz_ambig.json": 0.7661388550548112, "npz_ambig_mod.json": 0.7126019945602902, "npz_obj.json": 0.7437295528898582, "npz_obj_mod.json": 0.700583819849875, "number_orc.json": 0.7166666666666667, "number_prep.json": 0.6912568306010929, "number_src.json": 0.7277777777777777, "reflexive_orc_fem.json": 0.6656976744186046, "reflexive_orc_masc.json": 0.686046511627907, "reflexive_prep_fem.json": 0.68, "reflexive_prep_masc.json": 0.6885714285714286, "reflexive_src_fem.json": 0.7325581395348837, "reflexive_src_masc.json": 0.7325581395348837, "subordination.json": 0.8511066398390342, "subordination_orc-orc.json": 0.6634050880626223, "subordination_pp-pp.json": 0.7306562193927522, "subordination_src-src.json": 0.6989247311827957}