{"center_embed.json": 0.6488888888888888, "center_embed_mod.json": 0.5601173020527859, "cleft.json": 0.5586924219910847, "cleft_modifier.json": 0.5811119573495811, "fgd-embed3.json": 0.5270413573700954, "fgd-embed4.json": 0.47703842549203374, "fgd_hierarchy.json": 0.4926542605288932, "fgd_object.json": 0.7151819322459222, "fgd_pp.json": 0.7196969696969697, "fgd_subject.json": 0.7198007471980075, "mvrr.json": 0.706199460916442, "mvrr_mod.json": 0.6652391149179158, "nn-nv-rpl.json": 0.6666666666666666, "npi_orc_any.json": 0.6615566037735849, "npi_orc_ever.json": 0.669431279620853, "npi_src_any.json": 0.6615566037735849, "npi_src_ever.json": 0.7203791469194313, "npz_ambig.json": 0.587088915956151, "npz_ambig_mod.json": 0.5838621940163191, "npz_obj.json": 0.5572519083969466, "npz_obj_mod.json": 0.5721434528773979, "number_orc.json": 0.7027777777777777, "number_prep.json": 0.6775956284153005, "number_src.json": 0.6972222222222222, "reflexive_orc_fem.json": 0.6540697674418605, "reflexive_orc_masc.json": 0.6744186046511628, "reflexive_prep_fem.json": 0.6771428571428572, "reflexive_prep_masc.json": 0.6685714285714286, "reflexive_src_fem.json": 0.6424418604651163, "reflexive_src_masc.json": 0.6395348837209303, "subordination.json": 0.7424547283702213, "subordination_orc-orc.json": 0.6193737769080235, "subordination_pp-pp.json": 0.682664054848188, "subordination_src-src.json": 0.6432062561094819}