{"center_embed.json": 0.6755555555555556, "center_embed_mod.json": 0.5395894428152492, "cleft.json": 0.7028231797919762, "cleft_modifier.json": 0.638994668697639, "fgd-embed3.json": 0.49628844114528103, "fgd-embed4.json": 0.42736644798500467, "fgd_hierarchy.json": 0.6464250734573947, "fgd_object.json": 0.7565872020075283, "fgd_pp.json": 0.7487373737373737, "fgd_subject.json": 0.7584059775840598, "mvrr.json": 0.7493261455525606, "mvrr_mod.json": 0.6709493219129193, "nn-nv-rpl.json": 0.7333333333333333, "npi_orc_any.json": 0.7181603773584906, "npi_orc_ever.json": 0.6042654028436019, "npi_src_any.json": 0.7134433962264151, "npi_src_ever.json": 0.6279620853080569, "npz_ambig.json": 0.7941534713763703, "npz_ambig_mod.json": 0.742520398912058, "npz_obj.json": 0.7600872410032715, "npz_obj_mod.json": 0.7222685571309424, "number_orc.json": 0.7555555555555555, "number_prep.json": 0.6721311475409836, "number_src.json": 0.7277777777777777, "reflexive_orc_fem.json": 0.7325581395348837, "reflexive_orc_masc.json": 0.7616279069767442, "reflexive_prep_fem.json": 0.6657142857142857, "reflexive_prep_masc.json": 0.6685714285714286, "reflexive_src_fem.json": 0.7441860465116279, "reflexive_src_masc.json": 0.7325581395348837, "subordination.json": 0.8752515090543259, "subordination_orc-orc.json": 0.6125244618395304, "subordination_pp-pp.json": 0.7051909892262488, "subordination_src-src.json": 0.6715542521994134}