{"center_embed.json": 0.64, "center_embed_mod.json": 0.5982404692082112, "cleft.json": 0.662704309063893, "cleft_modifier.json": 0.670982482863671, "fgd-embed3.json": 0.5249204665959704, "fgd-embed4.json": 0.450796626054358, "fgd_hierarchy.json": 0.672869735553379, "fgd_object.json": 0.7616060225846926, "fgd_pp.json": 0.7537878787878788, "fgd_subject.json": 0.7584059775840598, "mvrr.json": 0.7502246181491464, "mvrr_mod.json": 0.6880799428979301, "nn-nv-rpl.json": 0.8, "npi_orc_any.json": 0.7971698113207547, "npi_orc_ever.json": 0.7571090047393365, "npi_src_any.json": 0.7594339622641509, "npi_src_ever.json": 0.7488151658767772, "npz_ambig.json": 0.7978075517661388, "npz_ambig_mod.json": 0.7597461468721668, "npz_obj.json": 0.7949836423118866, "npz_obj_mod.json": 0.7572977481234362, "number_orc.json": 0.75, "number_prep.json": 0.674863387978142, "number_src.json": 0.7027777777777777, "reflexive_orc_fem.json": 0.7005813953488372, "reflexive_orc_masc.json": 0.7383720930232558, "reflexive_prep_fem.json": 0.7057142857142857, "reflexive_prep_masc.json": 0.7028571428571428, "reflexive_src_fem.json": 0.7790697674418605, "reflexive_src_masc.json": 0.7790697674418605, "subordination.json": 0.8812877263581489, "subordination_orc-orc.json": 0.649706457925636, "subordination_pp-pp.json": 0.7091087169441724, "subordination_src-src.json": 0.6832844574780058}