{"center_embed.json": 0.68, "center_embed_mod.json": 0.6099706744868035, "cleft.json": 0.7236255572065379, "cleft_modifier.json": 0.6884996191926885, "fgd-embed3.json": 0.5737009544008483, "fgd-embed4.json": 0.555763823805061, "fgd_hierarchy.json": 0.6464250734573947, "fgd_object.json": 0.7892095357590966, "fgd_pp.json": 0.7853535353535354, "fgd_subject.json": 0.7982565379825654, "mvrr.json": 0.7654986522911051, "mvrr_mod.json": 0.708779443254818, "nn-nv-rpl.json": 0.8, "npi_orc_any.json": 0.7783018867924528, "npi_orc_ever.json": 0.7535545023696683, "npi_src_any.json": 0.8018867924528302, "npi_src_ever.json": 0.7713270142180095, "npz_ambig.json": 0.756394640682095, "npz_ambig_mod.json": 0.7271078875793291, "npz_obj.json": 0.7611777535441657, "npz_obj_mod.json": 0.7339449541284404, "number_orc.json": 0.7444444444444445, "number_prep.json": 0.7540983606557377, "number_src.json": 0.7638888888888888, "reflexive_orc_fem.json": 0.7325581395348837, "reflexive_orc_masc.json": 0.7645348837209303, "reflexive_prep_fem.json": 0.7714285714285715, "reflexive_prep_masc.json": 0.76, "reflexive_src_fem.json": 0.7674418604651163, "reflexive_src_masc.json": 0.7732558139534884, "subordination.json": 0.8249496981891348, "subordination_orc-orc.json": 0.6937377690802349, "subordination_pp-pp.json": 0.7453476983349657, "subordination_src-src.json": 0.7214076246334311}