{"center_embed.json": 0.6177777777777778, "center_embed_mod.json": 0.5161290322580645, "cleft.json": 0.5958395245170877, "cleft_modifier.json": 0.5902513328255903, "fgd-embed3.json": 0.5524920466595971, "fgd-embed4.json": 0.5510777881911902, "fgd_hierarchy.json": 0.5739471106758081, "fgd_object.json": 0.6825595984943539, "fgd_pp.json": 0.6906565656565656, "fgd_subject.json": 0.6924034869240349, "mvrr.json": 0.6945193171608266, "mvrr_mod.json": 0.6295503211991434, "nn-nv-rpl.json": 0.7333333333333333, "npi_orc_any.json": 0.6768867924528302, "npi_orc_ever.json": 0.6090047393364929, "npi_src_any.json": 0.6544811320754716, "npi_src_ever.json": 0.5995260663507109, "npz_ambig.json": 0.6699147381242387, "npz_ambig_mod.json": 0.5874886672710788, "npz_obj.json": 0.658669574700109, "npz_obj_mod.json": 0.5921601334445371, "number_orc.json": 0.7388888888888889, "number_prep.json": 0.7540983606557377, "number_src.json": 0.75, "reflexive_orc_fem.json": 0.6947674418604651, "reflexive_orc_masc.json": 0.7122093023255814, "reflexive_prep_fem.json": 0.74, "reflexive_prep_masc.json": 0.7285714285714285, "reflexive_src_fem.json": 0.6831395348837209, "reflexive_src_masc.json": 0.688953488372093, "subordination.json": 0.7565392354124748, "subordination_orc-orc.json": 0.6350293542074364, "subordination_pp-pp.json": 0.6454456415279138, "subordination_src-src.json": 0.667644183773216}