{"center_embed.json": 0.5466666666666666, "center_embed_mod.json": 0.45161290322580644, "cleft.json": 0.6760772659732541, "cleft_modifier.json": 0.6176694592536177, "fgd-embed3.json": 0.4878048780487805, "fgd-embed4.json": 0.43486410496719774, "fgd_hierarchy.json": 0.5318315377081293, "fgd_object.json": 0.6875784190715182, "fgd_pp.json": 0.6982323232323232, "fgd_subject.json": 0.7085927770859277, "mvrr.json": 0.6549865229110512, "mvrr_mod.json": 0.5945753033547466, "nn-nv-rpl.json": 0.7333333333333333, "npi_orc_any.json": 0.7240566037735849, "npi_orc_ever.json": 0.6587677725118484, "npi_src_any.json": 0.7134433962264151, "npi_src_ever.json": 0.6954976303317536, "npz_ambig.json": 0.7332521315468941, "npz_ambig_mod.json": 0.6618313689936537, "npz_obj.json": 0.678298800436205, "npz_obj_mod.json": 0.6296914095079232, "number_orc.json": 0.6944444444444444, "number_prep.json": 0.6967213114754098, "number_src.json": 0.6916666666666667, "reflexive_orc_fem.json": 0.6366279069767442, "reflexive_orc_masc.json": 0.6686046511627907, "reflexive_prep_fem.json": 0.5371428571428571, "reflexive_prep_masc.json": 0.5342857142857143, "reflexive_src_fem.json": 0.6104651162790697, "reflexive_src_masc.json": 0.6075581395348837, "subordination.json": 0.7746478873239436, "subordination_orc-orc.json": 0.547945205479452, "subordination_pp-pp.json": 0.623898139079334, "subordination_src-src.json": 0.6001955034213099}