{"center_embed.json": 0.7244444444444444, "center_embed_mod.json": 0.6363636363636364, "cleft.json": 0.6701337295690936, "cleft_modifier.json": 0.6519421172886519, "fgd-embed3.json": 0.4602332979851538, "fgd-embed4.json": 0.38425492033739456, "fgd_hierarchy.json": 0.5435847208619001, "fgd_object.json": 0.7227101631116688, "fgd_pp.json": 0.7133838383838383, "fgd_subject.json": 0.7036114570361146, "mvrr.json": 0.7304582210242587, "mvrr_mod.json": 0.6702355460385439, "nn-nv-rpl.json": 0.8, "npi_orc_any.json": 0.7252358490566038, "npi_orc_ever.json": 0.7144549763033176, "npi_src_any.json": 0.722877358490566, "npi_src_ever.json": 0.7417061611374408, "npz_ambig.json": 0.7235079171741778, "npz_ambig_mod.json": 0.7035358114233907, "npz_obj.json": 0.7219193020719739, "npz_obj_mod.json": 0.7105921601334445, "number_orc.json": 0.7138888888888889, "number_prep.json": 0.7103825136612022, "number_src.json": 0.6611111111111111, "reflexive_orc_fem.json": 0.7063953488372093, "reflexive_orc_masc.json": 0.7354651162790697, "reflexive_prep_fem.json": 0.72, "reflexive_prep_masc.json": 0.7428571428571429, "reflexive_src_fem.json": 0.6656976744186046, "reflexive_src_masc.json": 0.6802325581395349, "subordination.json": 0.7987927565392354, "subordination_orc-orc.json": 0.6105675146771037, "subordination_pp-pp.json": 0.6963761018609207, "subordination_src-src.json": 0.6520039100684262}