{"center_embed.json": 0.7066666666666667, "center_embed_mod.json": 0.5894428152492669, "cleft.json": 0.7533432392273403, "cleft_modifier.json": 0.6831683168316832, "fgd-embed3.json": 0.5418875927889714, "fgd-embed4.json": 0.5248359887535146, "fgd_hierarchy.json": 0.5925563173359452, "fgd_object.json": 0.7603513174404015, "fgd_pp.json": 0.7512626262626263, "fgd_subject.json": 0.7795765877957659, "mvrr.json": 0.7412398921832885, "mvrr_mod.json": 0.7009279086366881, "nn-nv-rpl.json": 0.8666666666666667, "npi_orc_any.json": 0.6981132075471698, "npi_orc_ever.json": 0.7286729857819905, "npi_src_any.json": 0.7311320754716981, "npi_src_ever.json": 0.7523696682464455, "npz_ambig.json": 0.6674786845310596, "npz_ambig_mod.json": 0.6518585675430644, "npz_obj.json": 0.6663031624863686, "npz_obj_mod.json": 0.6522101751459549, "number_orc.json": 0.7527777777777778, "number_prep.json": 0.680327868852459, "number_src.json": 0.7333333333333333, "reflexive_orc_fem.json": 0.7122093023255814, "reflexive_orc_masc.json": 0.75, "reflexive_prep_fem.json": 0.7057142857142857, "reflexive_prep_masc.json": 0.7114285714285714, "reflexive_src_fem.json": 0.7383720930232558, "reflexive_src_masc.json": 0.75, "subordination.json": 0.7927565392354124, "subordination_orc-orc.json": 0.6663405088062623, "subordination_pp-pp.json": 0.7061704211557297, "subordination_src-src.json": 0.6959921798631477}