{"center_embed.json": 0.6044444444444445, "center_embed_mod.json": 0.4750733137829912, "cleft.json": 0.6181277860326895, "cleft_modifier.json": 0.5948210205635949, "fgd-embed3.json": 0.4559915164369035, "fgd-embed4.json": 0.43580131208997186, "fgd_hierarchy.json": 0.48481880509304603, "fgd_object.json": 0.6725219573400251, "fgd_pp.json": 0.6565656565656566, "fgd_subject.json": 0.6874221668742216, "mvrr.json": 0.5965858041329739, "mvrr_mod.json": 0.5560314061384726, "nn-nv-rpl.json": 0.8666666666666667, "npi_orc_any.json": 0.7275943396226415, "npi_orc_ever.json": 0.6492890995260664, "npi_src_any.json": 0.6367924528301887, "npi_src_ever.json": 0.6445497630331753, "npz_ambig.json": 0.5883069427527405, "npz_ambig_mod.json": 0.5947416137805984, "npz_obj.json": 0.5648854961832062, "npz_obj_mod.json": 0.5763135946622185, "number_orc.json": 0.6916666666666667, "number_prep.json": 0.6475409836065574, "number_src.json": 0.725, "reflexive_orc_fem.json": 0.5959302325581395, "reflexive_orc_masc.json": 0.6308139534883721, "reflexive_prep_fem.json": 0.6942857142857143, "reflexive_prep_masc.json": 0.7114285714285714, "reflexive_src_fem.json": 0.7965116279069767, "reflexive_src_masc.json": 0.7965116279069767, "subordination.json": 0.641851106639839, "subordination_orc-orc.json": 0.487279843444227, "subordination_pp-pp.json": 0.5759059745347699, "subordination_src-src.json": 0.5894428152492669}