{"center_embed.json": 0.6666666666666666, "center_embed_mod.json": 0.6011730205278593, "cleft.json": 0.6641901931649331, "cleft_modifier.json": 0.6527037319116527, "fgd-embed3.json": 0.46553552492046657, "fgd-embed4.json": 0.408622305529522, "fgd_hierarchy.json": 0.5700293829578844, "fgd_object.json": 0.6976160602258469, "fgd_pp.json": 0.672979797979798, "fgd_subject.json": 0.6948941469489415, "mvrr.json": 0.734052111410602, "mvrr_mod.json": 0.6823697359029265, "nn-nv-rpl.json": 0.8, "npi_orc_any.json": 0.7181603773584906, "npi_orc_ever.json": 0.7511848341232228, "npi_src_any.json": 0.7653301886792453, "npi_src_ever.json": 0.7997630331753555, "npz_ambig.json": 0.7210718635809987, "npz_ambig_mod.json": 0.6944696282864914, "npz_obj.json": 0.6924754634678298, "npz_obj_mod.json": 0.6980817347789825, "number_orc.json": 0.6972222222222222, "number_prep.json": 0.7103825136612022, "number_src.json": 0.7527777777777778, "reflexive_orc_fem.json": 0.686046511627907, "reflexive_orc_masc.json": 0.7151162790697675, "reflexive_prep_fem.json": 0.7685714285714286, "reflexive_prep_masc.json": 0.7742857142857142, "reflexive_src_fem.json": 0.7936046511627907, "reflexive_src_masc.json": 0.8081395348837209, "subordination.json": 0.7907444668008048, "subordination_orc-orc.json": 0.6154598825831703, "subordination_pp-pp.json": 0.7091087169441724, "subordination_src-src.json": 0.6813294232649071}