{"center_embed.json": 0.6266666666666667, "center_embed_mod.json": 0.5102639296187683, "cleft.json": 0.563150074294205, "cleft_modifier.json": 0.536938309215537, "fgd-embed3.json": 0.41993637327677624, "fgd-embed4.json": 0.3917525773195876, "fgd_hierarchy.json": 0.5465230166503428, "fgd_object.json": 0.6298619824341279, "fgd_pp.json": 0.6477272727272727, "fgd_subject.json": 0.6537982565379825, "mvrr.json": 0.6469002695417789, "mvrr_mod.json": 0.5781584582441114, "nn-nv-rpl.json": 0.8, "npi_orc_any.json": 0.7299528301886793, "npi_orc_ever.json": 0.7097156398104265, "npi_src_any.json": 0.6745283018867925, "npi_src_ever.json": 0.716824644549763, "npz_ambig.json": 0.6626065773447016, "npz_ambig_mod.json": 0.628286491387126, "npz_obj.json": 0.6357688113413305, "npz_obj_mod.json": 0.6088407005838199, "number_orc.json": 0.6833333333333333, "number_prep.json": 0.6830601092896175, "number_src.json": 0.7388888888888889, "reflexive_orc_fem.json": 0.686046511627907, "reflexive_orc_masc.json": 0.7383720930232558, "reflexive_prep_fem.json": 0.7371428571428571, "reflexive_prep_masc.json": 0.7542857142857143, "reflexive_src_fem.json": 0.7790697674418605, "reflexive_src_masc.json": 0.7819767441860465, "subordination.json": 0.7847082494969819, "subordination_orc-orc.json": 0.5831702544031311, "subordination_pp-pp.json": 0.6425073457394711, "subordination_src-src.json": 0.6363636363636364}