{"center_embed.json": 0.6, "center_embed_mod.json": 0.5571847507331378, "cleft.json": 0.6017830609212481, "cleft_modifier.json": 0.6161462300076161, "fgd-embed3.json": 0.4623541887592789, "fgd-embed4.json": 0.408622305529522, "fgd_hierarchy.json": 0.5494613124387855, "fgd_object.json": 0.7515683814303639, "fgd_pp.json": 0.7449494949494949, "fgd_subject.json": 0.7596513075965131, "mvrr.json": 0.7196765498652291, "mvrr_mod.json": 0.6538187009279086, "nn-nv-rpl.json": 0.8, "npi_orc_any.json": 0.7358490566037735, "npi_orc_ever.json": 0.7381516587677726, "npi_src_any.json": 0.722877358490566, "npi_src_ever.json": 0.7191943127962085, "npz_ambig.json": 0.758830694275274, "npz_ambig_mod.json": 0.6962828649138713, "npz_obj.json": 0.7502726281352236, "npz_obj_mod.json": 0.7105921601334445, "number_orc.json": 0.6833333333333333, "number_prep.json": 0.680327868852459, "number_src.json": 0.7111111111111111, "reflexive_orc_fem.json": 0.7238372093023255, "reflexive_orc_masc.json": 0.7674418604651163, "reflexive_prep_fem.json": 0.7485714285714286, "reflexive_prep_masc.json": 0.76, "reflexive_src_fem.json": 0.7848837209302325, "reflexive_src_masc.json": 0.7965116279069767, "subordination.json": 0.8088531187122736, "subordination_orc-orc.json": 0.6350293542074364, "subordination_pp-pp.json": 0.6689520078354554, "subordination_src-src.json": 0.6637341153470185}