{"center_embed.json": 0.6666666666666666, "center_embed_mod.json": 0.530791788856305, "cleft.json": 0.6790490341753344, "cleft_modifier.json": 0.6085300837776085, "fgd-embed3.json": 0.43478260869565216, "fgd-embed4.json": 0.3514526710402999, "fgd_hierarchy.json": 0.4573947110675808, "fgd_object.json": 0.6913425345043914, "fgd_pp.json": 0.6893939393939394, "fgd_subject.json": 0.6899128268991283, "mvrr.json": 0.6154537286612758, "mvrr_mod.json": 0.5960028551034975, "nn-nv-rpl.json": 0.6666666666666666, "npi_orc_any.json": 0.7205188679245284, "npi_orc_ever.json": 0.6018957345971564, "npi_src_any.json": 0.7181603773584906, "npi_src_ever.json": 0.6255924170616114, "npz_ambig.json": 0.5785627283800243, "npz_ambig_mod.json": 0.5757026291931097, "npz_obj.json": 0.5648854961832062, "npz_obj_mod.json": 0.5537948290241869, "number_orc.json": 0.7, "number_prep.json": 0.6530054644808743, "number_src.json": 0.7416666666666667, "reflexive_orc_fem.json": 0.6773255813953488, "reflexive_orc_masc.json": 0.7063953488372093, "reflexive_prep_fem.json": 0.6914285714285714, "reflexive_prep_masc.json": 0.7028571428571428, "reflexive_src_fem.json": 0.7093023255813954, "reflexive_src_masc.json": 0.7151162790697675, "subordination.json": 0.6559356136820925, "subordination_orc-orc.json": 0.5058708414872799, "subordination_pp-pp.json": 0.584720861900098, "subordination_src-src.json": 0.555229716520039}