{"center_embed.json": 0.6444444444444445, "center_embed_mod.json": 0.5395894428152492, "cleft.json": 0.787518573551263, "cleft_modifier.json": 0.718964204112719, "fgd-embed3.json": 0.5461293743372216, "fgd-embed4.json": 0.5117150890346767, "fgd_hierarchy.json": 0.6620959843290891, "fgd_object.json": 0.7841907151819323, "fgd_pp.json": 0.7904040404040404, "fgd_subject.json": 0.7608966376089664, "mvrr.json": 0.7969451931716083, "mvrr_mod.json": 0.7187723054960742, "nn-nv-rpl.json": 0.8666666666666667, "npi_orc_any.json": 0.7429245283018868, "npi_orc_ever.json": 0.7488151658767772, "npi_src_any.json": 0.7299528301886793, "npi_src_ever.json": 0.7523696682464455, "npz_ambig.json": 0.8757612667478685, "npz_ambig_mod.json": 0.8422484134179511, "npz_obj.json": 0.8484187568157033, "npz_obj_mod.json": 0.8115095913261051, "number_orc.json": 0.7722222222222223, "number_prep.json": 0.7295081967213115, "number_src.json": 0.7888888888888889, "reflexive_orc_fem.json": 0.6947674418604651, "reflexive_orc_masc.json": 0.7093023255813954, "reflexive_prep_fem.json": 0.7314285714285714, "reflexive_prep_masc.json": 0.74, "reflexive_src_fem.json": 0.7354651162790697, "reflexive_src_masc.json": 0.7296511627906976, "subordination.json": 0.8893360160965795, "subordination_orc-orc.json": 0.6771037181996086, "subordination_pp-pp.json": 0.7414299706170421, "subordination_src-src.json": 0.7038123167155426}