{"center_embed.json": 0.6577777777777778, "center_embed_mod.json": 0.5982404692082112, "cleft.json": 0.7533432392273403, "cleft_modifier.json": 0.7067783701447068, "fgd-embed3.json": 0.5694591728525981, "fgd-embed4.json": 0.5370196813495782, "fgd_hierarchy.json": 0.6983349657198825, "fgd_object.json": 0.795483061480552, "fgd_pp.json": 0.8055555555555556, "fgd_subject.json": 0.7907845579078456, "mvrr.json": 0.7924528301886793, "mvrr_mod.json": 0.7309064953604568, "nn-nv-rpl.json": 0.8, "npi_orc_any.json": 0.8101415094339622, "npi_orc_ever.json": 0.7843601895734598, "npi_src_any.json": 0.8466981132075472, "npi_src_ever.json": 0.8364928909952607, "npz_ambig.json": 0.8647990255785627, "npz_ambig_mod.json": 0.8177697189483227, "npz_obj.json": 0.8593238822246456, "npz_obj_mod.json": 0.8181818181818182, "number_orc.json": 0.8138888888888889, "number_prep.json": 0.76775956284153, "number_src.json": 0.8138888888888889, "reflexive_orc_fem.json": 0.7093023255813954, "reflexive_orc_masc.json": 0.7616279069767442, "reflexive_prep_fem.json": 0.7085714285714285, "reflexive_prep_masc.json": 0.7114285714285714, "reflexive_src_fem.json": 0.7994186046511628, "reflexive_src_masc.json": 0.7848837209302325, "subordination.json": 0.9255533199195171, "subordination_orc-orc.json": 0.6810176125244618, "subordination_pp-pp.json": 0.7776689520078355, "subordination_src-src.json": 0.7038123167155426}