{"center_embed.json": 0.6888888888888889, "center_embed_mod.json": 0.6217008797653959, "cleft.json": 0.7414561664190193, "cleft_modifier.json": 0.7334348819497334, "fgd-embed3.json": 0.5980911983032874, "fgd-embed4.json": 0.5454545454545454, "fgd_hierarchy.json": 0.6904995102840352, "fgd_object.json": 0.8042659974905897, "fgd_pp.json": 0.8207070707070707, "fgd_subject.json": 0.7995018679950187, "mvrr.json": 0.7762803234501348, "mvrr_mod.json": 0.7244825124910778, "nn-nv-rpl.json": 0.8666666666666667, "npi_orc_any.json": 0.8856132075471698, "npi_orc_ever.json": 0.8317535545023697, "npi_src_any.json": 0.8714622641509434, "npi_src_ever.json": 0.8412322274881516, "npz_ambig.json": 0.8647990255785627, "npz_ambig_mod.json": 0.8340888485947416, "npz_obj.json": 0.8527808069792803, "npz_obj_mod.json": 0.8390325271059216, "number_orc.json": 0.8305555555555556, "number_prep.json": 0.73224043715847, "number_src.json": 0.8111111111111111, "reflexive_orc_fem.json": 0.75, "reflexive_orc_masc.json": 0.7965116279069767, "reflexive_prep_fem.json": 0.6857142857142857, "reflexive_prep_masc.json": 0.68, "reflexive_src_fem.json": 0.7819767441860465, "reflexive_src_masc.json": 0.7732558139534884, "subordination.json": 0.9134808853118712, "subordination_orc-orc.json": 0.6966731898238747, "subordination_pp-pp.json": 0.7590597453476984, "subordination_src-src.json": 0.7448680351906158}