{"center_embed.json": 0.6533333333333333, "center_embed_mod.json": 0.5483870967741935, "cleft.json": 0.7280832095096582, "cleft_modifier.json": 0.7098248286367098, "fgd-embed3.json": 0.5185577942735949, "fgd-embed4.json": 0.46485473289597, "fgd_hierarchy.json": 0.5866797257590598, "fgd_object.json": 0.766624843161857, "fgd_pp.json": 0.7752525252525253, "fgd_subject.json": 0.7858032378580324, "mvrr.json": 0.7807726864330637, "mvrr_mod.json": 0.7187723054960742, "nn-nv-rpl.json": 0.8666666666666667, "npi_orc_any.json": 0.777122641509434, "npi_orc_ever.json": 0.7902843601895735, "npi_src_any.json": 0.7806603773584906, "npi_src_ever.json": 0.8258293838862559, "npz_ambig.json": 0.8148599269183922, "npz_ambig_mod.json": 0.7624660018132366, "npz_obj.json": 0.7928026172300982, "npz_obj_mod.json": 0.7447873227689742, "number_orc.json": 0.7666666666666667, "number_prep.json": 0.6939890710382514, "number_src.json": 0.7861111111111111, "reflexive_orc_fem.json": 0.7093023255813954, "reflexive_orc_masc.json": 0.75, "reflexive_prep_fem.json": 0.7171428571428572, "reflexive_prep_masc.json": 0.72, "reflexive_src_fem.json": 0.7645348837209303, "reflexive_src_masc.json": 0.7587209302325582, "subordination.json": 0.8792756539235412, "subordination_orc-orc.json": 0.6663405088062623, "subordination_pp-pp.json": 0.7502448579823702, "subordination_src-src.json": 0.718475073313783}