{
    "center_embed.json": 0.6755555555555556,
    "center_embed_mod.json": 0.6392961876832844,
    "cleft.json": 0.7919762258543833,
    "cleft_modifier.json": 0.7547600913937548,
    "fgd-embed3.json": 0.6065747613997879,
    "fgd-embed4.json": 0.5651358950328023,
    "fgd_hierarchy.json": 0.7845249755142018,
    "fgd_object.json": 0.8619824341279799,
    "fgd_pp.json": 0.8484848484848485,
    "fgd_subject.json": 0.8418430884184309,
    "mvrr.json": 0.7969451931716083,
    "mvrr_mod.json": 0.7644539614561028,
    "nn-nv-rpl.json": 0.9333333333333333,
    "npi_orc_any.json": 0.8325471698113207,
    "npi_orc_ever.json": 0.7962085308056872,
    "npi_src_any.json": 0.8561320754716981,
    "npi_src_ever.json": 0.8293838862559242,
    "npz_ambig.json": 0.8928136419001218,
    "npz_ambig_mod.json": 0.8449682683590208,
    "npz_obj.json": 0.9018538713195202,
    "npz_obj_mod.json": 0.8457047539616347,
    "number_orc.json": 0.8222222222222222,
    "number_prep.json": 0.7622950819672131,
    "number_src.json": 0.8111111111111111,
    "reflexive_orc_fem.json": 0.7616279069767442,
    "reflexive_orc_masc.json": 0.813953488372093,
    "reflexive_prep_fem.json": 0.74,
    "reflexive_prep_masc.json": 0.7428571428571429,
    "reflexive_src_fem.json": 0.7354651162790697,
    "reflexive_src_masc.json": 0.7325581395348837,
    "subordination.json": 0.9134808853118712,
    "subordination_orc-orc.json": 0.7534246575342466,
    "subordination_pp-pp.json": 0.7992164544564153,
    "subordination_src-src.json": 0.7546432062561095
}