{
    "center_embed.json": 0.64,
    "center_embed_mod.json": 0.6510263929618768,
    "cleft.json": 0.7979197622585439,
    "cleft_modifier.json": 0.7593297791317594,
    "fgd-embed3.json": 0.6150583244962884,
    "fgd-embed4.json": 0.5679475164011246,
    "fgd_hierarchy.json": 0.7600391772771793,
    "fgd_object.json": 0.8243412797992472,
    "fgd_pp.json": 0.821969696969697,
    "fgd_subject.json": 0.8368617683686177,
    "mvrr.json": 0.7879604672057502,
    "mvrr_mod.json": 0.742326909350464,
    "nn-nv-rpl.json": 0.8666666666666667,
    "npi_orc_any.json": 0.8360849056603774,
    "npi_orc_ever.json": 0.8471563981042654,
    "npi_src_any.json": 0.8573113207547169,
    "npi_src_ever.json": 0.8672985781990521,
    "npz_ambig.json": 0.8708891595615104,
    "npz_ambig_mod.json": 0.8068902991840435,
    "npz_obj.json": 0.8691384950926936,
    "npz_obj_mod.json": 0.8065054211843202,
    "number_orc.json": 0.8305555555555556,
    "number_prep.json": 0.76775956284153,
    "number_src.json": 0.7972222222222223,
    "reflexive_orc_fem.json": 0.7645348837209303,
    "reflexive_orc_masc.json": 0.8255813953488372,
    "reflexive_prep_fem.json": 0.7,
    "reflexive_prep_masc.json": 0.7028571428571428,
    "reflexive_src_fem.json": 0.7354651162790697,
    "reflexive_src_masc.json": 0.7296511627906976,
    "subordination.json": 0.9175050301810865,
    "subordination_orc-orc.json": 0.738747553816047,
    "subordination_pp-pp.json": 0.8031341821743389,
    "subordination_src-src.json": 0.7438905180840665
}