{
    "center_embed.json": 0.6711111111111111,
    "center_embed_mod.json": 0.5865102639296188,
    "cleft.json": 0.7800891530460624,
    "cleft_modifier.json": 0.7303884234577304,
    "fgd-embed3.json": 0.5588547189819725,
    "fgd-embed4.json": 0.521087160262418,
    "fgd_hierarchy.json": 0.6689520078354554,
    "fgd_object.json": 0.835633626097867,
    "fgd_pp.json": 0.827020202020202,
    "fgd_subject.json": 0.821917808219178,
    "mvrr.json": 0.7861635220125787,
    "mvrr_mod.json": 0.7380442541042113,
    "nn-nv-rpl.json": 0.8666666666666667,
    "npi_orc_any.json": 0.7830188679245284,
    "npi_orc_ever.json": 0.7938388625592417,
    "npi_src_any.json": 0.8007075471698113,
    "npi_src_ever.json": 0.8388625592417062,
    "npz_ambig.json": 0.8635809987819733,
    "npz_ambig_mod.json": 0.8359020852221215,
    "npz_obj.json": 0.8538713195201745,
    "npz_obj_mod.json": 0.8265221017514596,
    "number_orc.json": 0.7944444444444444,
    "number_prep.json": 0.7076502732240437,
    "number_src.json": 0.7777777777777778,
    "reflexive_orc_fem.json": 0.7180232558139535,
    "reflexive_orc_masc.json": 0.7616279069767442,
    "reflexive_prep_fem.json": 0.7028571428571428,
    "reflexive_prep_masc.json": 0.7171428571428572,
    "reflexive_src_fem.json": 0.7558139534883721,
    "reflexive_src_masc.json": 0.75,
    "subordination.json": 0.8873239436619719,
    "subordination_orc-orc.json": 0.678082191780822,
    "subordination_pp-pp.json": 0.7404505386875612,
    "subordination_src-src.json": 0.7253176930596286
}