{
    "center_embed.json": 0.7022222222222222,
    "center_embed_mod.json": 0.6304985337243402,
    "cleft.json": 0.7964338781575037,
    "cleft_modifier.json": 0.7517136329017517,
    "fgd-embed3.json": 0.6436903499469777,
    "fgd-embed4.json": 0.5857544517338332,
    "fgd_hierarchy.json": 0.7766895200783546,
    "fgd_object.json": 0.8544542032622334,
    "fgd_pp.json": 0.8320707070707071,
    "fgd_subject.json": 0.8580323785803238,
    "mvrr.json": 0.7906558849955077,
    "mvrr_mod.json": 0.7530335474660956,
    "nn-nv-rpl.json": 0.7333333333333333,
    "npi_orc_any.json": 0.8113207547169812,
    "npi_orc_ever.json": 0.7606635071090048,
    "npi_src_any.json": 0.8431603773584906,
    "npi_src_ever.json": 0.806872037914692,
    "npz_ambig.json": 0.8964677222898904,
    "npz_ambig_mod.json": 0.8458748866727108,
    "npz_obj.json": 0.8909487459105779,
    "npz_obj_mod.json": 0.854045037531276,
    "number_orc.json": 0.8166666666666667,
    "number_prep.json": 0.773224043715847,
    "number_src.json": 0.7972222222222223,
    "reflexive_orc_fem.json": 0.7645348837209303,
    "reflexive_orc_masc.json": 0.8197674418604651,
    "reflexive_prep_fem.json": 0.72,
    "reflexive_prep_masc.json": 0.7285714285714285,
    "reflexive_src_fem.json": 0.7732558139534884,
    "reflexive_src_masc.json": 0.7674418604651163,
    "subordination.json": 0.9195171026156942,
    "subordination_orc-orc.json": 0.7465753424657534,
    "subordination_pp-pp.json": 0.7776689520078355,
    "subordination_src-src.json": 0.761485826001955
}