{"center_embed.json": 0.5733333333333334, "center_embed_mod.json": 0.5953079178885631, "cleft.json": 0.6478454680534919, "cleft_modifier.json": 0.6732673267326733, "fgd-embed3.json": 0.5068928950159067, "fgd-embed4.json": 0.42549203373945643, "fgd_hierarchy.json": 0.49363369245837413, "fgd_object.json": 0.7867001254705144, "fgd_pp.json": 0.797979797979798, "fgd_subject.json": 0.7858032378580324, "mvrr.json": 0.6819407008086253, "mvrr_mod.json": 0.6374018558172734, "nn-nv-rpl.json": 0.8666666666666667, "npi_orc_any.json": 0.6981132075471698, "npi_orc_ever.json": 0.6978672985781991, "npi_src_any.json": 0.6674528301886793, "npi_src_ever.json": 0.6954976303317536, "npz_ambig.json": 0.8477466504263094, "npz_ambig_mod.json": 0.7588395285584769, "npz_obj.json": 0.7829880043620502, "npz_obj_mod.json": 0.7164303586321935, "number_orc.json": 0.7027777777777777, "number_prep.json": 0.7459016393442623, "number_src.json": 0.7055555555555556, "reflexive_orc_fem.json": 0.5843023255813954, "reflexive_orc_masc.json": 0.5668604651162791, "reflexive_prep_fem.json": 0.6857142857142857, "reflexive_prep_masc.json": 0.6942857142857143, "reflexive_src_fem.json": 0.622093023255814, "reflexive_src_masc.json": 0.6162790697674418, "subordination.json": 0.8611670020120724, "subordination_orc-orc.json": 0.6007827788649707, "subordination_pp-pp.json": 0.6846229187071499, "subordination_src-src.json": 0.7038123167155426}